,total_cell_density,live_density,dead_density
100_00.jpg,,,
100_01.jpg,,,
100_02.jpg,,,
100_10.jpg,,,
100_11.jpg,,,
100_12.jpg,,,
100_20.jpg,,,
100_21.jpg,,,
100_22.jpg,,,
100_30.jpg,,,
100_31.jpg,,,
100_32.jpg,,,
101_00.jpg,,,
101_01.jpg,,,
101_02.jpg,,,
101_10.jpg,,,
101_11.jpg,,,
101_12.jpg,,,
101_20.jpg,,,
101_21.jpg,,,
101_22.jpg,,,
101_30.jpg,,,
101_31.jpg,,,
101_32.jpg,,,
102_00.jpg,,,
102_01.jpg,,,
102_02.jpg,,,
102_10.jpg,,,
102_11.jpg,,,
102_12.jpg,,,
102_20.jpg,,,
102_21.jpg,,,
102_22.jpg,,,
102_30.jpg,,,
102_31.jpg,,,
102_32.jpg,,,
103_00.jpg,,,
103_01.jpg,,,
103_02.jpg,,,
103_10.jpg,,,
103_11.jpg,,,
103_12.jpg,,,
103_20.jpg,,,
103_21.jpg,,,
103_22.jpg,,,
103_30.jpg,,,
103_31.jpg,,,
103_32.jpg,,,
104_00.jpg,,,
104_01.jpg,,,
104_02.jpg,,,
104_10.jpg,,,
104_11.jpg,,,
104_12.jpg,,,
104_20.jpg,,,
104_21.jpg,,,
104_22.jpg,,,
104_30.jpg,,,
104_31.jpg,,,
104_32.jpg,,,
105_00.jpg,,,
105_01.jpg,,,
105_02.jpg,,,
105_10.jpg,,,
105_11.jpg,,,
105_12.jpg,,,
105_20.jpg,,,
105_21.jpg,,,
105_22.jpg,,,
105_30.jpg,,,
105_31.jpg,,,
105_32.jpg,,,
106_00.jpg,,,
106_01.jpg,,,
106_02.jpg,,,
106_10.jpg,,,
106_11.jpg,,,
106_12.jpg,,,
106_20.jpg,,,
106_21.jpg,,,
106_22.jpg,,,
106_30.jpg,,,
106_31.jpg,,,
106_32.jpg,,,
107_00.jpg,,,
107_01.jpg,,,
107_02.jpg,,,
107_10.jpg,,,
107_11.jpg,,,
107_12.jpg,,,
107_20.jpg,,,
107_21.jpg,,,
107_22.jpg,,,
107_30.jpg,,,
107_31.jpg,,,
107_32.jpg,,,
108_00.jpg,,,
108_01.jpg,,,
108_02.jpg,,,
108_10.jpg,,,
108_11.jpg,,,
108_12.jpg,,,
108_20.jpg,,,
108_21.jpg,,,
108_22.jpg,,,
108_30.jpg,,,
108_31.jpg,,,
108_32.jpg,,,
109_00.jpg,,,
109_01.jpg,,,
109_02.jpg,,,
109_10.jpg,,,
109_11.jpg,,,
109_12.jpg,,,
109_20.jpg,,,
109_21.jpg,,,
109_22.jpg,,,
109_30.jpg,,,
109_31.jpg,,,
109_32.jpg,,,
10_00.jpg,,,
10_01.jpg,,,
10_02.jpg,,,
10_10.jpg,,,
10_11.jpg,,,
10_12.jpg,,,
10_20.jpg,,,
10_21.jpg,,,
10_22.jpg,,,
10_30.jpg,,,
10_31.jpg,,,
10_32.jpg,,,
110_00.jpg,,,
110_01.jpg,,,
110_02.jpg,,,
110_10.jpg,,,
110_11.jpg,,,
110_12.jpg,,,
110_20.jpg,,,
110_21.jpg,,,
110_22.jpg,,,
110_30.jpg,,,
110_31.jpg,,,
110_32.jpg,,,
111_00.jpg,,,
111_01.jpg,,,
111_02.jpg,,,
111_10.jpg,,,
111_11.jpg,,,
111_12.jpg,,,
111_20.jpg,,,
111_21.jpg,,,
111_22.jpg,,,
111_30.jpg,,,
111_31.jpg,,,
111_32.jpg,,,
112_00.jpg,,,
112_01.jpg,,,
112_02.jpg,,,
112_10.jpg,,,
112_11.jpg,,,
112_12.jpg,,,
112_20.jpg,,,
112_21.jpg,,,
112_22.jpg,,,
112_30.jpg,,,
112_31.jpg,,,
112_32.jpg,,,
113_00.jpg,,,
113_01.jpg,,,
113_02.jpg,,,
113_10.jpg,,,
113_11.jpg,,,
113_12.jpg,,,
113_20.jpg,,,
113_21.jpg,,,
113_22.jpg,,,
113_30.jpg,,,
113_31.jpg,,,
113_32.jpg,,,
114_00.jpg,,,
114_01.jpg,,,
114_02.jpg,,,
114_10.jpg,,,
114_11.jpg,,,
114_12.jpg,,,
114_20.jpg,,,
114_21.jpg,,,
114_22.jpg,,,
114_30.jpg,,,
114_31.jpg,,,
114_32.jpg,,,
115_00.jpg,,,
115_01.jpg,,,
115_02.jpg,,,
115_10.jpg,,,
115_11.jpg,,,
115_12.jpg,,,
115_20.jpg,,,
115_21.jpg,,,
115_22.jpg,,,
115_30.jpg,,,
115_31.jpg,,,
115_32.jpg,,,
116_00.jpg,,,
116_01.jpg,,,
116_02.jpg,,,
116_10.jpg,,,
116_11.jpg,,,
116_12.jpg,,,
116_20.jpg,,,
116_21.jpg,,,
116_22.jpg,,,
116_30.jpg,,,
116_31.jpg,,,
116_32.jpg,,,
117_00.jpg,,,
117_01.jpg,,,
117_02.jpg,,,
117_10.jpg,,,
117_11.jpg,,,
117_12.jpg,,,
117_20.jpg,,,
117_21.jpg,,,
117_22.jpg,,,
117_30.jpg,,,
117_31.jpg,,,
117_32.jpg,,,
118_00.jpg,,,
118_01.jpg,,,
118_02.jpg,,,
118_10.jpg,,,
118_11.jpg,,,
118_12.jpg,,,
118_20.jpg,,,
118_21.jpg,,,
118_22.jpg,,,
118_30.jpg,,,
118_31.jpg,,,
118_32.jpg,,,
119_00.jpg,,,
119_01.jpg,,,
119_02.jpg,,,
119_10.jpg,,,
119_11.jpg,,,
119_12.jpg,,,
119_20.jpg,,,
119_21.jpg,,,
119_22.jpg,,,
119_30.jpg,,,
119_31.jpg,,,
119_32.jpg,,,
11_00.jpg,,,
11_01.jpg,,,
11_02.jpg,,,
11_10.jpg,,,
11_11.jpg,,,
11_12.jpg,,,
11_20.jpg,,,
11_21.jpg,,,
11_22.jpg,,,
11_30.jpg,,,
11_31.jpg,,,
11_32.jpg,,,
120_00.jpg,,,
120_01.jpg,,,
120_02.jpg,,,
120_10.jpg,,,
120_11.jpg,,,
120_12.jpg,,,
120_20.jpg,,,
120_21.jpg,,,
120_22.jpg,,,
120_30.jpg,,,
120_31.jpg,,,
120_32.jpg,,,
121_00.jpg,,,
121_01.jpg,,,
121_02.jpg,,,
121_10.jpg,,,
121_11.jpg,,,
121_12.jpg,,,
121_20.jpg,,,
121_21.jpg,,,
121_22.jpg,,,
121_30.jpg,,,
121_31.jpg,,,
121_32.jpg,,,
122_00.jpg,,,
122_01.jpg,,,
122_02.jpg,,,
122_10.jpg,,,
122_11.jpg,,,
122_12.jpg,,,
122_20.jpg,,,
122_21.jpg,,,
122_22.jpg,,,
122_30.jpg,,,
122_31.jpg,,,
122_32.jpg,,,
123_00.jpg,,,
123_01.jpg,,,
123_02.jpg,,,
123_10.jpg,,,
123_11.jpg,,,
123_12.jpg,,,
123_20.jpg,,,
123_21.jpg,,,
123_22.jpg,,,
123_30.jpg,,,
123_31.jpg,,,
123_32.jpg,,,
124_00.jpg,,,
124_01.jpg,,,
124_02.jpg,,,
124_10.jpg,,,
124_11.jpg,,,
124_12.jpg,,,
124_20.jpg,,,
124_21.jpg,,,
124_22.jpg,,,
124_30.jpg,,,
124_31.jpg,,,
124_32.jpg,,,
125_00.jpg,,,
125_01.jpg,,,
125_02.jpg,,,
125_10.jpg,,,
125_11.jpg,,,
125_12.jpg,,,
125_20.jpg,,,
125_21.jpg,,,
125_22.jpg,,,
125_30.jpg,,,
125_31.jpg,,,
125_32.jpg,,,
126_00.jpg,,,
126_01.jpg,,,
126_02.jpg,,,
126_10.jpg,,,
126_11.jpg,,,
126_12.jpg,,,
126_20.jpg,,,
126_21.jpg,,,
126_22.jpg,,,
126_30.jpg,,,
126_31.jpg,,,
126_32.jpg,,,
127_00.jpg,,,
127_01.jpg,,,
127_02.jpg,,,
127_10.jpg,,,
127_11.jpg,,,
127_12.jpg,,,
127_20.jpg,,,
127_21.jpg,,,
127_22.jpg,,,
127_30.jpg,,,
127_31.jpg,,,
127_32.jpg,,,
128_00.jpg,,,
128_01.jpg,,,
128_02.jpg,,,
128_10.jpg,,,
128_11.jpg,,,
128_12.jpg,,,
128_20.jpg,,,
128_21.jpg,,,
128_22.jpg,,,
128_30.jpg,,,
128_31.jpg,,,
128_32.jpg,,,
129_00.jpg,,,
129_01.jpg,,,
129_02.jpg,,,
129_10.jpg,,,
129_11.jpg,,,
129_12.jpg,,,
129_20.jpg,,,
129_21.jpg,,,
129_22.jpg,,,
129_30.jpg,,,
129_31.jpg,,,
129_32.jpg,,,
12_00.jpg,,,
12_01.jpg,,,
12_02.jpg,,,
12_10.jpg,,,
12_11.jpg,,,
12_12.jpg,,,
12_20.jpg,,,
12_21.jpg,,,
12_22.jpg,,,
12_30.jpg,,,
12_31.jpg,,,
12_32.jpg,,,
130_00.jpg,,,
130_01.jpg,,,
130_02.jpg,,,
130_10.jpg,,,
130_11.jpg,,,
130_12.jpg,,,
130_20.jpg,,,
130_21.jpg,,,
130_22.jpg,,,
130_30.jpg,,,
130_31.jpg,,,
130_32.jpg,,,
131_00.jpg,,,
131_01.jpg,,,
131_02.jpg,,,
131_10.jpg,,,
131_11.jpg,,,
131_12.jpg,,,
131_20.jpg,,,
131_21.jpg,,,
131_22.jpg,,,
131_30.jpg,,,
131_31.jpg,,,
131_32.jpg,,,
132_00.jpg,,,
132_01.jpg,,,
132_02.jpg,,,
132_10.jpg,,,
132_11.jpg,,,
132_12.jpg,,,
132_20.jpg,,,
132_21.jpg,,,
132_22.jpg,,,
132_30.jpg,,,
132_31.jpg,,,
132_32.jpg,,,
133_00.jpg,,,
133_01.jpg,,,
133_02.jpg,,,
133_10.jpg,,,
133_11.jpg,,,
133_12.jpg,,,
133_20.jpg,,,
133_21.jpg,,,
133_22.jpg,,,
133_30.jpg,,,
133_31.jpg,,,
133_32.jpg,,,
134_00.jpg,,,
134_01.jpg,,,
134_02.jpg,,,
134_10.jpg,,,
134_11.jpg,,,
134_12.jpg,,,
134_20.jpg,,,
134_21.jpg,,,
134_22.jpg,,,
134_30.jpg,,,
134_31.jpg,,,
134_32.jpg,,,
135_00.jpg,,,
135_01.jpg,,,
135_02.jpg,,,
135_10.jpg,,,
135_11.jpg,,,
135_12.jpg,,,
135_20.jpg,,,
135_21.jpg,,,
135_22.jpg,,,
135_30.jpg,,,
135_31.jpg,,,
135_32.jpg,,,
136_00.jpg,,,
136_01.jpg,,,
136_02.jpg,,,
136_10.jpg,,,
136_11.jpg,,,
136_12.jpg,,,
136_20.jpg,,,
136_21.jpg,,,
136_22.jpg,,,
136_30.jpg,,,
136_31.jpg,,,
136_32.jpg,,,
137_00.jpg,,,
137_01.jpg,,,
137_02.jpg,,,
137_10.jpg,,,
137_11.jpg,,,
137_12.jpg,,,
137_20.jpg,,,
137_21.jpg,,,
137_22.jpg,,,
137_30.jpg,,,
137_31.jpg,,,
137_32.jpg,,,
138_00.jpg,,,
138_01.jpg,,,
138_02.jpg,,,
138_10.jpg,,,
138_11.jpg,,,
138_12.jpg,,,
138_20.jpg,,,
138_21.jpg,,,
138_22.jpg,,,
138_30.jpg,,,
138_31.jpg,,,
138_32.jpg,,,
139_00.jpg,,,
139_01.jpg,,,
139_02.jpg,,,
139_10.jpg,,,
139_11.jpg,,,
139_12.jpg,,,
139_20.jpg,,,
139_21.jpg,,,
139_22.jpg,,,
139_30.jpg,,,
139_31.jpg,,,
139_32.jpg,,,
13_00.jpg,,,
13_01.jpg,,,
13_02.jpg,,,
13_10.jpg,,,
13_11.jpg,,,
13_12.jpg,,,
13_20.jpg,,,
13_21.jpg,,,
13_22.jpg,,,
13_30.jpg,,,
13_31.jpg,,,
13_32.jpg,,,
140_00.jpg,,,
140_01.jpg,,,
140_02.jpg,,,
140_10.jpg,,,
140_11.jpg,,,
140_12.jpg,,,
140_20.jpg,,,
140_21.jpg,,,
140_22.jpg,,,
140_30.jpg,,,
140_31.jpg,,,
140_32.jpg,,,
141_00.jpg,,,
141_01.jpg,,,
141_02.jpg,,,
141_10.jpg,,,
141_11.jpg,,,
141_12.jpg,,,
141_20.jpg,,,
141_21.jpg,,,
141_22.jpg,,,
141_30.jpg,,,
141_31.jpg,,,
141_32.jpg,,,
142_00.jpg,,,
142_01.jpg,,,
142_02.jpg,,,
142_10.jpg,,,
142_11.jpg,,,
142_12.jpg,,,
142_20.jpg,,,
142_21.jpg,,,
142_22.jpg,,,
142_30.jpg,,,
142_31.jpg,,,
142_32.jpg,,,
143_00.jpg,,,
143_01.jpg,,,
143_02.jpg,,,
143_10.jpg,,,
143_11.jpg,,,
143_12.jpg,,,
143_20.jpg,,,
143_21.jpg,,,
143_22.jpg,,,
143_30.jpg,,,
143_31.jpg,,,
143_32.jpg,,,
144_00.jpg,,,
144_01.jpg,,,
144_02.jpg,,,
144_10.jpg,,,
144_11.jpg,,,
144_12.jpg,,,
144_20.jpg,,,
144_21.jpg,,,
144_22.jpg,,,
144_30.jpg,,,
144_31.jpg,,,
144_32.jpg,,,
145_00.jpg,,,
145_01.jpg,,,
145_02.jpg,,,
145_10.jpg,,,
145_11.jpg,,,
145_12.jpg,,,
145_20.jpg,,,
145_21.jpg,,,
145_22.jpg,,,
145_30.jpg,,,
145_31.jpg,,,
145_32.jpg,,,
146_00.jpg,,,
146_01.jpg,,,
146_02.jpg,,,
146_10.jpg,,,
146_11.jpg,,,
146_12.jpg,,,
146_20.jpg,,,
146_21.jpg,,,
146_22.jpg,,,
146_30.jpg,,,
146_31.jpg,,,
146_32.jpg,,,
147_00.jpg,,,
147_01.jpg,,,
147_02.jpg,,,
147_10.jpg,,,
147_11.jpg,,,
147_12.jpg,,,
147_20.jpg,,,
147_21.jpg,,,
147_22.jpg,,,
147_30.jpg,,,
147_31.jpg,,,
147_32.jpg,,,
148_00.jpg,,,
148_01.jpg,,,
148_02.jpg,,,
148_10.jpg,,,
148_11.jpg,,,
148_12.jpg,,,
148_20.jpg,,,
148_21.jpg,,,
148_22.jpg,,,
148_30.jpg,,,
148_31.jpg,,,
148_32.jpg,,,
149_00.jpg,,,
149_01.jpg,,,
149_02.jpg,,,
149_10.jpg,,,
149_11.jpg,,,
149_12.jpg,,,
149_20.jpg,,,
149_21.jpg,,,
149_22.jpg,,,
149_30.jpg,,,
149_31.jpg,,,
149_32.jpg,,,
14_00.jpg,,,
14_01.jpg,,,
14_02.jpg,,,
14_10.jpg,,,
14_11.jpg,,,
14_12.jpg,,,
14_20.jpg,,,
14_21.jpg,,,
14_22.jpg,,,
14_30.jpg,,,
14_31.jpg,,,
14_32.jpg,,,
150_00.jpg,,,
150_01.jpg,,,
150_02.jpg,,,
150_10.jpg,,,
150_11.jpg,,,
150_12.jpg,,,
150_20.jpg,,,
150_21.jpg,,,
150_22.jpg,,,
150_30.jpg,,,
150_31.jpg,,,
150_32.jpg,,,
151_00.jpg,,,
151_01.jpg,,,
151_02.jpg,,,
151_10.jpg,,,
151_11.jpg,,,
151_12.jpg,,,
151_20.jpg,,,
151_21.jpg,,,
151_22.jpg,,,
151_30.jpg,,,
151_31.jpg,,,
151_32.jpg,,,
152_00.jpg,,,
152_01.jpg,,,
152_02.jpg,,,
152_10.jpg,,,
152_11.jpg,,,
152_12.jpg,,,
152_20.jpg,,,
152_21.jpg,,,
152_22.jpg,,,
152_30.jpg,,,
152_31.jpg,,,
152_32.jpg,,,
153_00.jpg,,,
153_01.jpg,,,
153_02.jpg,,,
153_10.jpg,,,
153_11.jpg,,,
153_12.jpg,,,
153_20.jpg,,,
153_21.jpg,,,
153_22.jpg,,,
153_30.jpg,,,
153_31.jpg,,,
153_32.jpg,,,
154_00.jpg,,,
154_01.jpg,,,
154_02.jpg,,,
154_10.jpg,,,
154_11.jpg,,,
154_12.jpg,,,
154_20.jpg,,,
154_21.jpg,,,
154_22.jpg,,,
154_30.jpg,,,
154_31.jpg,,,
154_32.jpg,,,
155_00.jpg,,,
155_01.jpg,,,
155_02.jpg,,,
155_10.jpg,,,
155_11.jpg,,,
155_12.jpg,,,
155_20.jpg,,,
155_21.jpg,,,
155_22.jpg,,,
155_30.jpg,,,
155_31.jpg,,,
155_32.jpg,,,
156_00.jpg,,,
156_01.jpg,,,
156_02.jpg,,,
156_10.jpg,,,
156_11.jpg,,,
156_12.jpg,,,
156_20.jpg,,,
156_21.jpg,,,
156_22.jpg,,,
156_30.jpg,,,
156_31.jpg,,,
156_32.jpg,,,
157_00.jpg,,,
157_01.jpg,,,
157_02.jpg,,,
157_10.jpg,,,
157_11.jpg,,,
157_12.jpg,,,
157_20.jpg,,,
157_21.jpg,,,
157_22.jpg,,,
157_30.jpg,,,
157_31.jpg,,,
157_32.jpg,,,
158_00.jpg,,,
158_01.jpg,,,
158_02.jpg,,,
158_10.jpg,,,
158_11.jpg,,,
158_12.jpg,,,
158_20.jpg,,,
158_21.jpg,,,
158_22.jpg,,,
158_30.jpg,,,
158_31.jpg,,,
158_32.jpg,,,
159_00.jpg,,,
159_01.jpg,,,
159_02.jpg,,,
159_10.jpg,,,
159_11.jpg,,,
159_12.jpg,,,
159_20.jpg,,,
159_21.jpg,,,
159_22.jpg,,,
159_30.jpg,,,
159_31.jpg,,,
159_32.jpg,,,
15_00.jpg,,,
15_01.jpg,,,
15_02.jpg,,,
15_10.jpg,,,
15_11.jpg,,,
15_12.jpg,,,
15_20.jpg,,,
15_21.jpg,,,
15_22.jpg,,,
15_30.jpg,,,
15_31.jpg,,,
15_32.jpg,,,
160_00.jpg,,,
160_01.jpg,,,
160_02.jpg,,,
160_10.jpg,,,
160_11.jpg,,,
160_12.jpg,,,
160_20.jpg,,,
160_21.jpg,,,
160_22.jpg,,,
160_30.jpg,,,
160_31.jpg,,,
160_32.jpg,,,
161_00.jpg,,,
161_01.jpg,,,
161_02.jpg,,,
161_10.jpg,,,
161_11.jpg,,,
161_12.jpg,,,
161_20.jpg,,,
161_21.jpg,,,
161_22.jpg,,,
161_30.jpg,,,
161_31.jpg,,,
161_32.jpg,,,
162_00.jpg,,,
162_01.jpg,,,
162_02.jpg,,,
162_10.jpg,,,
162_11.jpg,,,
162_12.jpg,,,
162_20.jpg,,,
162_21.jpg,,,
162_22.jpg,,,
162_30.jpg,,,
162_31.jpg,,,
162_32.jpg,,,
163_00.jpg,,,
163_01.jpg,,,
163_02.jpg,,,
163_10.jpg,,,
163_11.jpg,,,
163_12.jpg,,,
163_20.jpg,,,
163_21.jpg,,,
163_22.jpg,,,
163_30.jpg,,,
163_31.jpg,,,
163_32.jpg,,,
164_00.jpg,,,
164_01.jpg,,,
164_02.jpg,,,
164_10.jpg,,,
164_11.jpg,,,
164_12.jpg,,,
164_20.jpg,,,
164_21.jpg,,,
164_22.jpg,,,
164_30.jpg,,,
164_31.jpg,,,
164_32.jpg,,,
165_00.jpg,,,
165_01.jpg,,,
165_02.jpg,,,
165_10.jpg,,,
165_11.jpg,,,
165_12.jpg,,,
165_20.jpg,,,
165_21.jpg,,,
165_22.jpg,,,
165_30.jpg,,,
165_31.jpg,,,
165_32.jpg,,,
166_00.jpg,,,
166_01.jpg,,,
166_02.jpg,,,
166_10.jpg,,,
166_11.jpg,,,
166_12.jpg,,,
166_20.jpg,,,
166_21.jpg,,,
166_22.jpg,,,
166_30.jpg,,,
166_31.jpg,,,
166_32.jpg,,,
167_00.jpg,,,
167_01.jpg,,,
167_02.jpg,,,
167_10.jpg,,,
167_11.jpg,,,
167_12.jpg,,,
167_20.jpg,,,
167_21.jpg,,,
167_22.jpg,,,
167_30.jpg,,,
167_31.jpg,,,
167_32.jpg,,,
168_00.jpg,,,
168_01.jpg,,,
168_02.jpg,,,
168_10.jpg,,,
168_11.jpg,,,
168_12.jpg,,,
168_20.jpg,,,
168_21.jpg,,,
168_22.jpg,,,
168_30.jpg,,,
168_31.jpg,,,
168_32.jpg,,,
169_00.jpg,,,
169_01.jpg,,,
169_02.jpg,,,
169_10.jpg,,,
169_11.jpg,,,
169_12.jpg,,,
169_20.jpg,,,
169_21.jpg,,,
169_22.jpg,,,
169_30.jpg,,,
169_31.jpg,,,
169_32.jpg,,,
16_00.jpg,,,
16_01.jpg,,,
16_02.jpg,,,
16_10.jpg,,,
16_11.jpg,,,
16_12.jpg,,,
16_20.jpg,,,
16_21.jpg,,,
16_22.jpg,,,
16_30.jpg,,,
16_31.jpg,,,
16_32.jpg,,,
170_00.jpg,,,
170_01.jpg,,,
170_02.jpg,,,
170_10.jpg,,,
170_11.jpg,,,
170_12.jpg,,,
170_20.jpg,,,
170_21.jpg,,,
170_22.jpg,,,
170_30.jpg,,,
170_31.jpg,,,
170_32.jpg,,,
171_00.jpg,,,
171_01.jpg,,,
171_02.jpg,,,
171_10.jpg,,,
171_11.jpg,,,
171_12.jpg,,,
171_20.jpg,,,
171_21.jpg,,,
171_22.jpg,,,
171_30.jpg,,,
171_31.jpg,,,
171_32.jpg,,,
172_00.jpg,,,
172_01.jpg,,,
172_02.jpg,,,
172_10.jpg,,,
172_11.jpg,,,
172_12.jpg,,,
172_20.jpg,,,
172_21.jpg,,,
172_22.jpg,,,
172_30.jpg,,,
172_31.jpg,,,
172_32.jpg,,,
173_00.jpg,,,
173_01.jpg,,,
173_02.jpg,,,
173_10.jpg,,,
173_11.jpg,,,
173_12.jpg,,,
173_20.jpg,,,
173_21.jpg,,,
173_22.jpg,,,
173_30.jpg,,,
173_31.jpg,,,
173_32.jpg,,,
174_00.jpg,,,
174_01.jpg,,,
174_02.jpg,,,
174_10.jpg,,,
174_11.jpg,,,
174_12.jpg,,,
174_20.jpg,,,
174_21.jpg,,,
174_22.jpg,,,
174_30.jpg,,,
174_31.jpg,,,
174_32.jpg,,,
175_00.jpg,,,
175_01.jpg,,,
175_02.jpg,,,
175_10.jpg,,,
175_11.jpg,,,
175_12.jpg,,,
175_20.jpg,,,
175_21.jpg,,,
175_22.jpg,,,
175_30.jpg,,,
175_31.jpg,,,
175_32.jpg,,,
176_00.jpg,,,
176_01.jpg,,,
176_02.jpg,,,
176_10.jpg,,,
176_11.jpg,,,
176_12.jpg,,,
176_20.jpg,,,
176_21.jpg,,,
176_22.jpg,,,
176_30.jpg,,,
176_31.jpg,,,
176_32.jpg,,,
177_00.jpg,,,
177_01.jpg,,,
177_02.jpg,,,
177_10.jpg,,,
177_11.jpg,,,
177_12.jpg,,,
177_20.jpg,,,
177_21.jpg,,,
177_22.jpg,,,
177_30.jpg,,,
177_31.jpg,,,
177_32.jpg,,,
178_00.jpg,,,
178_01.jpg,,,
178_02.jpg,,,
178_10.jpg,,,
178_11.jpg,,,
178_12.jpg,,,
178_20.jpg,,,
178_21.jpg,,,
178_22.jpg,,,
178_30.jpg,,,
178_31.jpg,,,
178_32.jpg,,,
179_00.jpg,,,
179_01.jpg,,,
179_02.jpg,,,
179_10.jpg,,,
179_11.jpg,,,
179_12.jpg,,,
179_20.jpg,,,
179_21.jpg,,,
179_22.jpg,,,
179_30.jpg,,,
179_31.jpg,,,
179_32.jpg,,,
17_00.jpg,,,
17_01.jpg,,,
17_02.jpg,,,
17_10.jpg,,,
17_11.jpg,,,
17_12.jpg,,,
17_20.jpg,,,
17_21.jpg,,,
17_22.jpg,,,
17_30.jpg,,,
17_31.jpg,,,
17_32.jpg,,,
180_00.jpg,,,
180_01.jpg,,,
180_02.jpg,,,
180_10.jpg,,,
180_11.jpg,,,
180_12.jpg,,,
180_20.jpg,,,
180_21.jpg,,,
180_22.jpg,,,
180_30.jpg,,,
180_31.jpg,,,
180_32.jpg,,,
181_00.jpg,,,
181_01.jpg,,,
181_02.jpg,,,
181_10.jpg,,,
181_11.jpg,,,
181_12.jpg,,,
181_20.jpg,,,
181_21.jpg,,,
181_22.jpg,,,
181_30.jpg,,,
181_31.jpg,,,
181_32.jpg,,,
182_00.jpg,,,
182_01.jpg,,,
182_02.jpg,,,
182_10.jpg,,,
182_11.jpg,,,
182_12.jpg,,,
182_20.jpg,,,
182_21.jpg,,,
182_22.jpg,,,
182_30.jpg,,,
182_31.jpg,,,
182_32.jpg,,,
183_00.jpg,,,
183_01.jpg,,,
183_02.jpg,,,
183_10.jpg,,,
183_11.jpg,,,
183_12.jpg,,,
183_20.jpg,,,
183_21.jpg,,,
183_22.jpg,,,
183_30.jpg,,,
183_31.jpg,,,
183_32.jpg,,,
184_00.jpg,,,
184_01.jpg,,,
184_02.jpg,,,
184_10.jpg,,,
184_11.jpg,,,
184_12.jpg,,,
184_20.jpg,,,
184_21.jpg,,,
184_22.jpg,,,
184_30.jpg,,,
184_31.jpg,,,
184_32.jpg,,,
185_00.jpg,,,
185_01.jpg,,,
185_02.jpg,,,
185_10.jpg,,,
185_11.jpg,,,
185_12.jpg,,,
185_20.jpg,,,
185_21.jpg,,,
185_22.jpg,,,
185_30.jpg,,,
185_31.jpg,,,
185_32.jpg,,,
186_00.jpg,,,
186_01.jpg,,,
186_02.jpg,,,
186_10.jpg,,,
186_11.jpg,,,
186_12.jpg,,,
186_20.jpg,,,
186_21.jpg,,,
186_22.jpg,,,
186_30.jpg,,,
186_31.jpg,,,
186_32.jpg,,,
187_00.jpg,,,
187_01.jpg,,,
187_02.jpg,,,
187_10.jpg,,,
187_11.jpg,,,
187_12.jpg,,,
187_20.jpg,,,
187_21.jpg,,,
187_22.jpg,,,
187_30.jpg,,,
187_31.jpg,,,
187_32.jpg,,,
188_00.jpg,,,
188_01.jpg,,,
188_02.jpg,,,
188_10.jpg,,,
188_11.jpg,,,
188_12.jpg,,,
188_20.jpg,,,
188_21.jpg,,,
188_22.jpg,,,
188_30.jpg,,,
188_31.jpg,,,
188_32.jpg,,,
189_00.jpg,,,
189_01.jpg,,,
189_02.jpg,,,
189_10.jpg,,,
189_11.jpg,,,
189_12.jpg,,,
189_20.jpg,,,
189_21.jpg,,,
189_22.jpg,,,
189_30.jpg,,,
189_31.jpg,,,
189_32.jpg,,,
18_00.jpg,,,
18_01.jpg,,,
18_02.jpg,,,
18_10.jpg,,,
18_11.jpg,,,
18_12.jpg,,,
18_20.jpg,,,
18_21.jpg,,,
18_22.jpg,,,
18_30.jpg,,,
18_31.jpg,,,
18_32.jpg,,,
190_00.jpg,,,
190_01.jpg,,,
190_02.jpg,,,
190_10.jpg,,,
190_11.jpg,,,
190_12.jpg,,,
190_20.jpg,,,
190_21.jpg,,,
190_22.jpg,,,
190_30.jpg,,,
190_31.jpg,,,
190_32.jpg,,,
191_00.jpg,,,
191_01.jpg,,,
191_02.jpg,,,
191_10.jpg,,,
191_11.jpg,,,
191_12.jpg,,,
191_20.jpg,,,
191_21.jpg,,,
191_22.jpg,,,
191_30.jpg,,,
191_31.jpg,,,
191_32.jpg,,,
192_00.jpg,,,
192_01.jpg,,,
192_02.jpg,,,
192_10.jpg,,,
192_11.jpg,,,
192_12.jpg,,,
192_20.jpg,,,
192_21.jpg,,,
192_22.jpg,,,
192_30.jpg,,,
192_31.jpg,,,
192_32.jpg,,,
193_00.jpg,,,
193_01.jpg,,,
193_02.jpg,,,
193_10.jpg,,,
193_11.jpg,,,
193_12.jpg,,,
193_20.jpg,,,
193_21.jpg,,,
193_22.jpg,,,
193_30.jpg,,,
193_31.jpg,,,
193_32.jpg,,,
194_00.jpg,,,
194_01.jpg,,,
194_02.jpg,,,
194_10.jpg,,,
194_11.jpg,,,
194_12.jpg,,,
194_20.jpg,,,
194_21.jpg,,,
194_22.jpg,,,
194_30.jpg,,,
194_31.jpg,,,
194_32.jpg,,,
195_00.jpg,,,
195_01.jpg,,,
195_02.jpg,,,
195_10.jpg,,,
195_11.jpg,,,
195_12.jpg,,,
195_20.jpg,,,
195_21.jpg,,,
195_22.jpg,,,
195_30.jpg,,,
195_31.jpg,,,
195_32.jpg,,,
196_00.jpg,,,
196_01.jpg,,,
196_02.jpg,,,
196_10.jpg,,,
196_11.jpg,,,
196_12.jpg,,,
196_20.jpg,,,
196_21.jpg,,,
196_22.jpg,,,
196_30.jpg,,,
196_31.jpg,,,
196_32.jpg,,,
197_00.jpg,,,
197_01.jpg,,,
197_02.jpg,,,
197_10.jpg,,,
197_11.jpg,,,
197_12.jpg,,,
197_20.jpg,,,
197_21.jpg,,,
197_22.jpg,,,
197_30.jpg,,,
197_31.jpg,,,
197_32.jpg,,,
198_00.jpg,,,
198_01.jpg,,,
198_02.jpg,,,
198_10.jpg,,,
198_11.jpg,,,
198_12.jpg,,,
198_20.jpg,,,
198_21.jpg,,,
198_22.jpg,,,
198_30.jpg,,,
198_31.jpg,,,
198_32.jpg,,,
199_00.jpg,,,
199_01.jpg,,,
199_02.jpg,,,
199_10.jpg,,,
199_11.jpg,,,
199_12.jpg,,,
199_20.jpg,,,
199_21.jpg,,,
199_22.jpg,,,
199_30.jpg,,,
199_31.jpg,,,
199_32.jpg,,,
19_00.jpg,,,
19_01.jpg,,,
19_02.jpg,,,
19_10.jpg,,,
19_11.jpg,,,
19_12.jpg,,,
19_20.jpg,,,
19_21.jpg,,,
19_22.jpg,,,
19_30.jpg,,,
19_31.jpg,,,
19_32.jpg,,,
1_00.jpg,,,
1_01.jpg,,,
1_02.jpg,,,
1_10.jpg,,,
1_11.jpg,,,
1_12.jpg,,,
1_20.jpg,,,
1_21.jpg,,,
1_22.jpg,,,
1_30.jpg,,,
1_31.jpg,,,
1_32.jpg,,,
200_00.jpg,,,
200_01.jpg,,,
200_02.jpg,,,
200_10.jpg,,,
200_11.jpg,,,
200_12.jpg,,,
200_20.jpg,,,
200_21.jpg,,,
200_22.jpg,,,
200_30.jpg,,,
200_31.jpg,,,
200_32.jpg,,,
201_00.jpg,,,
201_01.jpg,,,
201_02.jpg,,,
201_10.jpg,,,
201_11.jpg,,,
201_12.jpg,,,
201_20.jpg,,,
201_21.jpg,,,
201_22.jpg,,,
201_30.jpg,,,
201_31.jpg,,,
201_32.jpg,,,
202_00.jpg,,,
202_01.jpg,,,
202_02.jpg,,,
202_10.jpg,,,
202_11.jpg,,,
202_12.jpg,,,
202_20.jpg,,,
202_21.jpg,,,
202_22.jpg,,,
202_30.jpg,,,
202_31.jpg,,,
202_32.jpg,,,
203_00.jpg,,,
203_01.jpg,,,
203_02.jpg,,,
203_10.jpg,,,
203_11.jpg,,,
203_12.jpg,,,
203_20.jpg,,,
203_21.jpg,,,
203_22.jpg,,,
203_30.jpg,,,
203_31.jpg,,,
203_32.jpg,,,
204_00.jpg,,,
204_01.jpg,,,
204_02.jpg,,,
204_10.jpg,,,
204_11.jpg,,,
204_12.jpg,,,
204_20.jpg,,,
204_21.jpg,,,
204_22.jpg,,,
204_30.jpg,,,
204_31.jpg,,,
204_32.jpg,,,
205_00.jpg,,,
205_01.jpg,,,
205_02.jpg,,,
205_10.jpg,,,
205_11.jpg,,,
205_12.jpg,,,
205_20.jpg,,,
205_21.jpg,,,
205_22.jpg,,,
205_30.jpg,,,
205_31.jpg,,,
205_32.jpg,,,
206_00.jpg,,,
206_01.jpg,,,
206_02.jpg,,,
206_10.jpg,,,
206_11.jpg,,,
206_12.jpg,,,
206_20.jpg,,,
206_21.jpg,,,
206_22.jpg,,,
206_30.jpg,,,
206_31.jpg,,,
206_32.jpg,,,
207_00.jpg,,,
207_01.jpg,,,
207_02.jpg,,,
207_10.jpg,,,
207_11.jpg,,,
207_12.jpg,,,
207_20.jpg,,,
207_21.jpg,,,
207_22.jpg,,,
207_30.jpg,,,
207_31.jpg,,,
207_32.jpg,,,
208_00.jpg,,,
208_01.jpg,,,
208_02.jpg,,,
208_10.jpg,,,
208_11.jpg,,,
208_12.jpg,,,
208_20.jpg,,,
208_21.jpg,,,
208_22.jpg,,,
208_30.jpg,,,
208_31.jpg,,,
208_32.jpg,,,
209_00.jpg,,,
209_01.jpg,,,
209_02.jpg,,,
209_10.jpg,,,
209_11.jpg,,,
209_12.jpg,,,
209_20.jpg,,,
209_21.jpg,,,
209_22.jpg,,,
209_30.jpg,,,
209_31.jpg,,,
209_32.jpg,,,
20_00.jpg,,,
20_01.jpg,,,
20_02.jpg,,,
20_10.jpg,,,
20_11.jpg,,,
20_12.jpg,,,
20_20.jpg,,,
20_21.jpg,,,
20_22.jpg,,,
20_30.jpg,,,
20_31.jpg,,,
20_32.jpg,,,
210_00.jpg,,,
210_01.jpg,,,
210_02.jpg,,,
210_10.jpg,,,
210_11.jpg,,,
210_12.jpg,,,
210_20.jpg,,,
210_21.jpg,,,
210_22.jpg,,,
210_30.jpg,,,
210_31.jpg,,,
210_32.jpg,,,
211_00.jpg,,,
211_01.jpg,,,
211_02.jpg,,,
211_10.jpg,,,
211_11.jpg,,,
211_12.jpg,,,
211_20.jpg,,,
211_21.jpg,,,
211_22.jpg,,,
211_30.jpg,,,
211_31.jpg,,,
211_32.jpg,,,
212_00.jpg,,,
212_01.jpg,,,
212_02.jpg,,,
212_10.jpg,,,
212_11.jpg,,,
212_12.jpg,,,
212_20.jpg,,,
212_21.jpg,,,
212_22.jpg,,,
212_30.jpg,,,
212_31.jpg,,,
212_32.jpg,,,
213_00.jpg,,,
213_01.jpg,,,
213_02.jpg,,,
213_10.jpg,,,
213_11.jpg,,,
213_12.jpg,,,
213_20.jpg,,,
213_21.jpg,,,
213_22.jpg,,,
213_30.jpg,,,
213_31.jpg,,,
213_32.jpg,,,
214_00.jpg,,,
214_01.jpg,,,
214_02.jpg,,,
214_10.jpg,,,
214_11.jpg,,,
214_12.jpg,,,
214_20.jpg,,,
214_21.jpg,,,
214_22.jpg,,,
214_30.jpg,,,
214_31.jpg,,,
214_32.jpg,,,
215_00.jpg,,,
215_01.jpg,,,
215_02.jpg,,,
215_10.jpg,,,
215_11.jpg,,,
215_12.jpg,,,
215_20.jpg,,,
215_21.jpg,,,
215_22.jpg,,,
215_30.jpg,,,
215_31.jpg,,,
215_32.jpg,,,
216_00.jpg,,,
216_01.jpg,,,
216_02.jpg,,,
216_10.jpg,,,
216_11.jpg,,,
216_12.jpg,,,
216_20.jpg,,,
216_21.jpg,,,
216_22.jpg,,,
216_30.jpg,,,
216_31.jpg,,,
216_32.jpg,,,
217_00.jpg,,,
217_01.jpg,,,
217_02.jpg,,,
217_10.jpg,,,
217_11.jpg,,,
217_12.jpg,,,
217_20.jpg,,,
217_21.jpg,,,
217_22.jpg,,,
217_30.jpg,,,
217_31.jpg,,,
217_32.jpg,,,
218_00.jpg,,,
218_01.jpg,,,
218_02.jpg,,,
218_10.jpg,,,
218_11.jpg,,,
218_12.jpg,,,
218_20.jpg,,,
218_21.jpg,,,
218_22.jpg,,,
218_30.jpg,,,
218_31.jpg,,,
218_32.jpg,,,
219_00.jpg,,,
219_01.jpg,,,
219_02.jpg,,,
219_10.jpg,,,
219_11.jpg,,,
219_12.jpg,,,
219_20.jpg,,,
219_21.jpg,,,
219_22.jpg,,,
219_30.jpg,,,
219_31.jpg,,,
219_32.jpg,,,
21_00.jpg,,,
21_01.jpg,,,
21_02.jpg,,,
21_10.jpg,,,
21_11.jpg,,,
21_12.jpg,,,
21_20.jpg,,,
21_21.jpg,,,
21_22.jpg,,,
21_30.jpg,,,
21_31.jpg,,,
21_32.jpg,,,
220_00.jpg,,,
220_01.jpg,,,
220_02.jpg,,,
220_10.jpg,,,
220_11.jpg,,,
220_12.jpg,,,
220_20.jpg,,,
220_21.jpg,,,
220_22.jpg,,,
220_30.jpg,,,
220_31.jpg,,,
220_32.jpg,,,
221_00.jpg,,,
221_01.jpg,,,
221_02.jpg,,,
221_10.jpg,,,
221_11.jpg,,,
221_12.jpg,,,
221_20.jpg,,,
221_21.jpg,,,
221_22.jpg,,,
221_30.jpg,,,
221_31.jpg,,,
221_32.jpg,,,
222_00.jpg,,,
222_01.jpg,,,
222_02.jpg,,,
222_10.jpg,,,
222_11.jpg,,,
222_12.jpg,,,
222_20.jpg,,,
222_21.jpg,,,
222_22.jpg,,,
222_30.jpg,,,
222_31.jpg,,,
222_32.jpg,,,
223_00.jpg,,,
223_01.jpg,,,
223_02.jpg,,,
223_10.jpg,,,
223_11.jpg,,,
223_12.jpg,,,
223_20.jpg,,,
223_21.jpg,,,
223_22.jpg,,,
223_30.jpg,,,
223_31.jpg,,,
223_32.jpg,,,
224_00.jpg,,,
224_01.jpg,,,
224_02.jpg,,,
224_10.jpg,,,
224_11.jpg,,,
224_12.jpg,,,
224_20.jpg,,,
224_21.jpg,,,
224_22.jpg,,,
224_30.jpg,,,
224_31.jpg,,,
224_32.jpg,,,
225_00.jpg,,,
225_01.jpg,,,
225_02.jpg,,,
225_10.jpg,,,
225_11.jpg,,,
225_12.jpg,,,
225_20.jpg,,,
225_21.jpg,,,
225_22.jpg,,,
225_30.jpg,,,
225_31.jpg,,,
225_32.jpg,,,
226_00.jpg,,,
226_01.jpg,,,
226_02.jpg,,,
226_10.jpg,,,
226_11.jpg,,,
226_12.jpg,,,
226_20.jpg,,,
226_21.jpg,,,
226_22.jpg,,,
226_30.jpg,,,
226_31.jpg,,,
226_32.jpg,,,
227_00.jpg,,,
227_01.jpg,,,
227_02.jpg,,,
227_10.jpg,,,
227_11.jpg,,,
227_12.jpg,,,
227_20.jpg,,,
227_21.jpg,,,
227_22.jpg,,,
227_30.jpg,,,
227_31.jpg,,,
227_32.jpg,,,
228_00.jpg,,,
228_01.jpg,,,
228_02.jpg,,,
228_10.jpg,,,
228_11.jpg,,,
228_12.jpg,,,
228_20.jpg,,,
228_21.jpg,,,
228_22.jpg,,,
228_30.jpg,,,
228_31.jpg,,,
228_32.jpg,,,
229_00.jpg,,,
229_01.jpg,,,
229_02.jpg,,,
229_10.jpg,,,
229_11.jpg,,,
229_12.jpg,,,
229_20.jpg,,,
229_21.jpg,,,
229_22.jpg,,,
229_30.jpg,,,
229_31.jpg,,,
229_32.jpg,,,
22_00.jpg,,,
22_01.jpg,,,
22_02.jpg,,,
22_10.jpg,,,
22_11.jpg,,,
22_12.jpg,,,
22_20.jpg,,,
22_21.jpg,,,
22_22.jpg,,,
22_30.jpg,,,
22_31.jpg,,,
22_32.jpg,,,
230_00.jpg,,,
230_01.jpg,,,
230_02.jpg,,,
230_10.jpg,,,
230_11.jpg,,,
230_12.jpg,,,
230_20.jpg,,,
230_21.jpg,,,
230_22.jpg,,,
230_30.jpg,,,
230_31.jpg,,,
230_32.jpg,,,
231_00.jpg,,,
231_01.jpg,,,
231_02.jpg,,,
231_10.jpg,,,
231_11.jpg,,,
231_12.jpg,,,
231_20.jpg,,,
231_21.jpg,,,
231_22.jpg,,,
231_30.jpg,,,
231_31.jpg,,,
231_32.jpg,,,
232_00.jpg,,,
232_01.jpg,,,
232_02.jpg,,,
232_10.jpg,,,
232_11.jpg,,,
232_12.jpg,,,
232_20.jpg,,,
232_21.jpg,,,
232_22.jpg,,,
232_30.jpg,,,
232_31.jpg,,,
232_32.jpg,,,
233_00.jpg,,,
233_01.jpg,,,
233_02.jpg,,,
233_10.jpg,,,
233_11.jpg,,,
233_12.jpg,,,
233_20.jpg,,,
233_21.jpg,,,
233_22.jpg,,,
233_30.jpg,,,
233_31.jpg,,,
233_32.jpg,,,
234_00.jpg,,,
234_01.jpg,,,
234_02.jpg,,,
234_10.jpg,,,
234_11.jpg,,,
234_12.jpg,,,
234_20.jpg,,,
234_21.jpg,,,
234_22.jpg,,,
234_30.jpg,,,
234_31.jpg,,,
234_32.jpg,,,
235_00.jpg,,,
235_01.jpg,,,
235_02.jpg,,,
235_10.jpg,,,
235_11.jpg,,,
235_12.jpg,,,
235_20.jpg,,,
235_21.jpg,,,
235_22.jpg,,,
235_30.jpg,,,
235_31.jpg,,,
235_32.jpg,,,
236_00.jpg,,,
236_01.jpg,,,
236_02.jpg,,,
236_10.jpg,,,
236_11.jpg,,,
236_12.jpg,,,
236_20.jpg,,,
236_21.jpg,,,
236_22.jpg,,,
236_30.jpg,,,
236_31.jpg,,,
236_32.jpg,,,
237_00.jpg,,,
237_01.jpg,,,
237_02.jpg,,,
237_10.jpg,,,
237_11.jpg,,,
237_12.jpg,,,
237_20.jpg,,,
237_21.jpg,,,
237_22.jpg,,,
237_30.jpg,,,
237_31.jpg,,,
237_32.jpg,,,
238_00.jpg,,,
238_01.jpg,,,
238_02.jpg,,,
238_10.jpg,,,
238_11.jpg,,,
238_12.jpg,,,
238_20.jpg,,,
238_21.jpg,,,
238_22.jpg,,,
238_30.jpg,,,
238_31.jpg,,,
238_32.jpg,,,
239_00.jpg,,,
239_01.jpg,,,
239_02.jpg,,,
239_10.jpg,,,
239_11.jpg,,,
239_12.jpg,,,
239_20.jpg,,,
239_21.jpg,,,
239_22.jpg,,,
239_30.jpg,,,
239_31.jpg,,,
239_32.jpg,,,
23_00.jpg,,,
23_01.jpg,,,
23_02.jpg,,,
23_10.jpg,,,
23_11.jpg,,,
23_12.jpg,,,
23_20.jpg,,,
23_21.jpg,,,
23_22.jpg,,,
23_30.jpg,,,
23_31.jpg,,,
23_32.jpg,,,
240_00.jpg,,,
240_01.jpg,,,
240_02.jpg,,,
240_10.jpg,,,
240_11.jpg,,,
240_12.jpg,,,
240_20.jpg,,,
240_21.jpg,,,
240_22.jpg,,,
240_30.jpg,,,
240_31.jpg,,,
240_32.jpg,,,
241_00.jpg,,,
241_01.jpg,,,
241_02.jpg,,,
241_10.jpg,,,
241_11.jpg,,,
241_12.jpg,,,
241_20.jpg,,,
241_21.jpg,,,
241_22.jpg,,,
241_30.jpg,,,
241_31.jpg,,,
241_32.jpg,,,
242_00.jpg,,,
242_01.jpg,,,
242_02.jpg,,,
242_10.jpg,,,
242_11.jpg,,,
242_12.jpg,,,
242_20.jpg,,,
242_21.jpg,,,
242_22.jpg,,,
242_30.jpg,,,
242_31.jpg,,,
242_32.jpg,,,
243_00.jpg,,,
243_01.jpg,,,
243_02.jpg,,,
243_10.jpg,,,
243_11.jpg,,,
243_12.jpg,,,
243_20.jpg,,,
243_21.jpg,,,
243_22.jpg,,,
243_30.jpg,,,
243_31.jpg,,,
243_32.jpg,,,
244_00.jpg,,,
244_01.jpg,,,
244_02.jpg,,,
244_10.jpg,,,
244_11.jpg,,,
244_12.jpg,,,
244_20.jpg,,,
244_21.jpg,,,
244_22.jpg,,,
244_30.jpg,,,
244_31.jpg,,,
244_32.jpg,,,
245_00.jpg,,,
245_01.jpg,,,
245_02.jpg,,,
245_10.jpg,,,
245_11.jpg,,,
245_12.jpg,,,
245_20.jpg,,,
245_21.jpg,,,
245_22.jpg,,,
245_30.jpg,,,
245_31.jpg,,,
245_32.jpg,,,
246_00.jpg,,,
246_01.jpg,,,
246_02.jpg,,,
246_10.jpg,,,
246_11.jpg,,,
246_12.jpg,,,
246_20.jpg,,,
246_21.jpg,,,
246_22.jpg,,,
246_30.jpg,,,
246_31.jpg,,,
246_32.jpg,,,
247_00.jpg,,,
247_01.jpg,,,
247_02.jpg,,,
247_10.jpg,,,
247_11.jpg,,,
247_12.jpg,,,
247_20.jpg,,,
247_21.jpg,,,
247_22.jpg,,,
247_30.jpg,,,
247_31.jpg,,,
247_32.jpg,,,
248_00.jpg,,,
248_01.jpg,,,
248_02.jpg,,,
248_10.jpg,,,
248_11.jpg,,,
248_12.jpg,,,
248_20.jpg,,,
248_21.jpg,,,
248_22.jpg,,,
248_30.jpg,,,
248_31.jpg,,,
248_32.jpg,,,
249_00.jpg,,,
249_01.jpg,,,
249_02.jpg,,,
249_10.jpg,,,
249_11.jpg,,,
249_12.jpg,,,
249_20.jpg,,,
249_21.jpg,,,
249_22.jpg,,,
249_30.jpg,,,
249_31.jpg,,,
249_32.jpg,,,
24_00.jpg,,,
24_01.jpg,,,
24_02.jpg,,,
24_10.jpg,,,
24_11.jpg,,,
24_12.jpg,,,
24_20.jpg,,,
24_21.jpg,,,
24_22.jpg,,,
24_30.jpg,,,
24_31.jpg,,,
24_32.jpg,,,
250_00.jpg,,,
250_01.jpg,,,
250_02.jpg,,,
250_10.jpg,,,
250_11.jpg,,,
250_12.jpg,,,
250_20.jpg,,,
250_21.jpg,,,
250_22.jpg,,,
250_30.jpg,,,
250_31.jpg,,,
250_32.jpg,,,
251_00.jpg,,,
251_01.jpg,,,
251_02.jpg,,,
251_10.jpg,,,
251_11.jpg,,,
251_12.jpg,,,
251_20.jpg,,,
251_21.jpg,,,
251_22.jpg,,,
251_30.jpg,,,
251_31.jpg,,,
251_32.jpg,,,
252_00.jpg,,,
252_01.jpg,,,
252_02.jpg,,,
252_10.jpg,,,
252_11.jpg,,,
252_12.jpg,,,
252_20.jpg,,,
252_21.jpg,,,
252_22.jpg,,,
252_30.jpg,,,
252_31.jpg,,,
252_32.jpg,,,
253_00.jpg,,,
253_01.jpg,,,
253_02.jpg,,,
253_10.jpg,,,
253_11.jpg,,,
253_12.jpg,,,
253_20.jpg,,,
253_21.jpg,,,
253_22.jpg,,,
253_30.jpg,,,
253_31.jpg,,,
253_32.jpg,,,
254_00.jpg,,,
254_01.jpg,,,
254_02.jpg,,,
254_10.jpg,,,
254_11.jpg,,,
254_12.jpg,,,
254_20.jpg,,,
254_21.jpg,,,
254_22.jpg,,,
254_30.jpg,,,
254_31.jpg,,,
254_32.jpg,,,
255_00.jpg,,,
255_01.jpg,,,
255_02.jpg,,,
255_10.jpg,,,
255_11.jpg,,,
255_12.jpg,,,
255_20.jpg,,,
255_21.jpg,,,
255_22.jpg,,,
255_30.jpg,,,
255_31.jpg,,,
255_32.jpg,,,
256_00.jpg,,,
256_01.jpg,,,
256_02.jpg,,,
256_10.jpg,,,
256_11.jpg,,,
256_12.jpg,,,
256_20.jpg,,,
256_21.jpg,,,
256_22.jpg,,,
256_30.jpg,,,
256_31.jpg,,,
256_32.jpg,,,
257_00.jpg,,,
257_01.jpg,,,
257_02.jpg,,,
257_10.jpg,,,
257_11.jpg,,,
257_12.jpg,,,
257_20.jpg,,,
257_21.jpg,,,
257_22.jpg,,,
257_30.jpg,,,
257_31.jpg,,,
257_32.jpg,,,
258_00.jpg,,,
258_01.jpg,,,
258_02.jpg,,,
258_10.jpg,,,
258_11.jpg,,,
258_12.jpg,,,
258_20.jpg,,,
258_21.jpg,,,
258_22.jpg,,,
258_30.jpg,,,
258_31.jpg,,,
258_32.jpg,,,
259_00.jpg,,,
259_01.jpg,,,
259_02.jpg,,,
259_10.jpg,,,
259_11.jpg,,,
259_12.jpg,,,
259_20.jpg,,,
259_21.jpg,,,
259_22.jpg,,,
259_30.jpg,,,
259_31.jpg,,,
259_32.jpg,,,
25_00.jpg,,,
25_01.jpg,,,
25_02.jpg,,,
25_10.jpg,,,
25_11.jpg,,,
25_12.jpg,,,
25_20.jpg,,,
25_21.jpg,,,
25_22.jpg,,,
25_30.jpg,,,
25_31.jpg,,,
25_32.jpg,,,
260_00.jpg,,,
260_01.jpg,,,
260_02.jpg,,,
260_10.jpg,,,
260_11.jpg,,,
260_12.jpg,,,
260_20.jpg,,,
260_21.jpg,,,
260_22.jpg,,,
260_30.jpg,,,
260_31.jpg,,,
260_32.jpg,,,
261_00.jpg,,,
261_01.jpg,,,
261_02.jpg,,,
261_10.jpg,,,
261_11.jpg,,,
261_12.jpg,,,
261_20.jpg,,,
261_21.jpg,,,
261_22.jpg,,,
261_30.jpg,,,
261_31.jpg,,,
261_32.jpg,,,
262_00.jpg,,,
262_01.jpg,,,
262_02.jpg,,,
262_10.jpg,,,
262_11.jpg,,,
262_12.jpg,,,
262_20.jpg,,,
262_21.jpg,,,
262_22.jpg,,,
262_30.jpg,,,
262_31.jpg,,,
262_32.jpg,,,
263_00.jpg,,,
263_01.jpg,,,
263_02.jpg,,,
263_10.jpg,,,
263_11.jpg,,,
263_12.jpg,,,
263_20.jpg,,,
263_21.jpg,,,
263_22.jpg,,,
263_30.jpg,,,
263_31.jpg,,,
263_32.jpg,,,
264_00.jpg,,,
264_01.jpg,,,
264_02.jpg,,,
264_10.jpg,,,
264_11.jpg,,,
264_12.jpg,,,
264_20.jpg,,,
264_21.jpg,,,
264_22.jpg,,,
264_30.jpg,,,
264_31.jpg,,,
264_32.jpg,,,
265_00.jpg,,,
265_01.jpg,,,
265_02.jpg,,,
265_10.jpg,,,
265_11.jpg,,,
265_12.jpg,,,
265_20.jpg,,,
265_21.jpg,,,
265_22.jpg,,,
265_30.jpg,,,
265_31.jpg,,,
265_32.jpg,,,
266_00.jpg,,,
266_01.jpg,,,
266_02.jpg,,,
266_10.jpg,,,
266_11.jpg,,,
266_12.jpg,,,
266_20.jpg,,,
266_21.jpg,,,
266_22.jpg,,,
266_30.jpg,,,
266_31.jpg,,,
266_32.jpg,,,
267_00.jpg,,,
267_01.jpg,,,
267_02.jpg,,,
267_10.jpg,,,
267_11.jpg,,,
267_12.jpg,,,
267_20.jpg,,,
267_21.jpg,,,
267_22.jpg,,,
267_30.jpg,,,
267_31.jpg,,,
267_32.jpg,,,
268_00.jpg,,,
268_01.jpg,,,
268_02.jpg,,,
268_10.jpg,,,
268_11.jpg,,,
268_12.jpg,,,
268_20.jpg,,,
268_21.jpg,,,
268_22.jpg,,,
268_30.jpg,,,
268_31.jpg,,,
268_32.jpg,,,
269_00.jpg,,,
269_01.jpg,,,
269_02.jpg,,,
269_10.jpg,,,
269_11.jpg,,,
269_12.jpg,,,
269_20.jpg,,,
269_21.jpg,,,
269_22.jpg,,,
269_30.jpg,,,
269_31.jpg,,,
269_32.jpg,,,
26_00.jpg,,,
26_01.jpg,,,
26_02.jpg,,,
26_10.jpg,,,
26_11.jpg,,,
26_12.jpg,,,
26_20.jpg,,,
26_21.jpg,,,
26_22.jpg,,,
26_30.jpg,,,
26_31.jpg,,,
26_32.jpg,,,
270_00.jpg,,,
270_01.jpg,,,
270_02.jpg,,,
270_10.jpg,,,
270_11.jpg,,,
270_12.jpg,,,
270_20.jpg,,,
270_21.jpg,,,
270_22.jpg,,,
270_30.jpg,,,
270_31.jpg,,,
270_32.jpg,,,
271_00.jpg,,,
271_01.jpg,,,
271_02.jpg,,,
271_10.jpg,,,
271_11.jpg,,,
271_12.jpg,,,
271_20.jpg,,,
271_21.jpg,,,
271_22.jpg,,,
271_30.jpg,,,
271_31.jpg,,,
271_32.jpg,,,
272_00.jpg,,,
272_01.jpg,,,
272_02.jpg,,,
272_10.jpg,,,
272_11.jpg,,,
272_12.jpg,,,
272_20.jpg,,,
272_21.jpg,,,
272_22.jpg,,,
272_30.jpg,,,
272_31.jpg,,,
272_32.jpg,,,
273_00.jpg,,,
273_01.jpg,,,
273_02.jpg,,,
273_10.jpg,,,
273_11.jpg,,,
273_12.jpg,,,
273_20.jpg,,,
273_21.jpg,,,
273_22.jpg,,,
273_30.jpg,,,
273_31.jpg,,,
273_32.jpg,,,
274_00.jpg,,,
274_01.jpg,,,
274_02.jpg,,,
274_10.jpg,,,
274_11.jpg,,,
274_12.jpg,,,
274_20.jpg,,,
274_21.jpg,,,
274_22.jpg,,,
274_30.jpg,,,
274_31.jpg,,,
274_32.jpg,,,
275_00.jpg,,,
275_01.jpg,,,
275_02.jpg,,,
275_10.jpg,,,
275_11.jpg,,,
275_12.jpg,,,
275_20.jpg,,,
275_21.jpg,,,
275_22.jpg,,,
275_30.jpg,,,
275_31.jpg,,,
275_32.jpg,,,
276_00.jpg,,,
276_01.jpg,,,
276_02.jpg,,,
276_10.jpg,,,
276_11.jpg,,,
276_12.jpg,,,
276_20.jpg,,,
276_21.jpg,,,
276_22.jpg,,,
276_30.jpg,,,
276_31.jpg,,,
276_32.jpg,,,
277_00.jpg,,,
277_01.jpg,,,
277_02.jpg,,,
277_10.jpg,,,
277_11.jpg,,,
277_12.jpg,,,
277_20.jpg,,,
277_21.jpg,,,
277_22.jpg,,,
277_30.jpg,,,
277_31.jpg,,,
277_32.jpg,,,
278_00.jpg,,,
278_01.jpg,,,
278_02.jpg,,,
278_10.jpg,,,
278_11.jpg,,,
278_12.jpg,,,
278_20.jpg,,,
278_21.jpg,,,
278_22.jpg,,,
278_30.jpg,,,
278_31.jpg,,,
278_32.jpg,,,
279_00.jpg,,,
279_01.jpg,,,
279_02.jpg,,,
279_10.jpg,,,
279_11.jpg,,,
279_12.jpg,,,
279_20.jpg,,,
279_21.jpg,,,
279_22.jpg,,,
279_30.jpg,,,
279_31.jpg,,,
279_32.jpg,,,
27_00.jpg,,,
27_01.jpg,,,
27_02.jpg,,,
27_10.jpg,,,
27_11.jpg,,,
27_12.jpg,,,
27_20.jpg,,,
27_21.jpg,,,
27_22.jpg,,,
27_30.jpg,,,
27_31.jpg,,,
27_32.jpg,,,
280_00.jpg,,,
280_01.jpg,,,
280_02.jpg,,,
280_10.jpg,,,
280_11.jpg,,,
280_12.jpg,,,
280_20.jpg,,,
280_21.jpg,,,
280_22.jpg,,,
280_30.jpg,,,
280_31.jpg,,,
280_32.jpg,,,
281_00.jpg,,,
281_01.jpg,,,
281_02.jpg,,,
281_10.jpg,,,
281_11.jpg,,,
281_12.jpg,,,
281_20.jpg,,,
281_21.jpg,,,
281_22.jpg,,,
281_30.jpg,,,
281_31.jpg,,,
281_32.jpg,,,
282_00.jpg,,,
282_01.jpg,,,
282_02.jpg,,,
282_10.jpg,,,
282_11.jpg,,,
282_12.jpg,,,
282_20.jpg,,,
282_21.jpg,,,
282_22.jpg,,,
282_30.jpg,,,
282_31.jpg,,,
282_32.jpg,,,
283_00.jpg,,,
283_01.jpg,,,
283_02.jpg,,,
283_10.jpg,,,
283_11.jpg,,,
283_12.jpg,,,
283_20.jpg,,,
283_21.jpg,,,
283_22.jpg,,,
283_30.jpg,,,
283_31.jpg,,,
283_32.jpg,,,
284_00.jpg,,,
284_01.jpg,,,
284_02.jpg,,,
284_10.jpg,,,
284_11.jpg,,,
284_12.jpg,,,
284_20.jpg,,,
284_21.jpg,,,
284_22.jpg,,,
284_30.jpg,,,
284_31.jpg,,,
284_32.jpg,,,
285_00.jpg,,,
285_01.jpg,,,
285_02.jpg,,,
285_10.jpg,,,
285_11.jpg,,,
285_12.jpg,,,
285_20.jpg,,,
285_21.jpg,,,
285_22.jpg,,,
285_30.jpg,,,
285_31.jpg,,,
285_32.jpg,,,
286_00.jpg,,,
286_01.jpg,,,
286_02.jpg,,,
286_10.jpg,,,
286_11.jpg,,,
286_12.jpg,,,
286_20.jpg,,,
286_21.jpg,,,
286_22.jpg,,,
286_30.jpg,,,
286_31.jpg,,,
286_32.jpg,,,
287_00.jpg,,,
287_01.jpg,,,
287_02.jpg,,,
287_10.jpg,,,
287_11.jpg,,,
287_12.jpg,,,
287_20.jpg,,,
287_21.jpg,,,
287_22.jpg,,,
287_30.jpg,,,
287_31.jpg,,,
287_32.jpg,,,
288_00.jpg,,,
288_01.jpg,,,
288_02.jpg,,,
288_10.jpg,,,
288_11.jpg,,,
288_12.jpg,,,
288_20.jpg,,,
288_21.jpg,,,
288_22.jpg,,,
288_30.jpg,,,
288_31.jpg,,,
288_32.jpg,,,
289_00.jpg,,,
289_01.jpg,,,
289_02.jpg,,,
289_10.jpg,,,
289_11.jpg,,,
289_12.jpg,,,
289_20.jpg,,,
289_21.jpg,,,
289_22.jpg,,,
289_30.jpg,,,
289_31.jpg,,,
289_32.jpg,,,
28_00.jpg,,,
28_01.jpg,,,
28_02.jpg,,,
28_10.jpg,,,
28_11.jpg,,,
28_12.jpg,,,
28_20.jpg,,,
28_21.jpg,,,
28_22.jpg,,,
28_30.jpg,,,
28_31.jpg,,,
28_32.jpg,,,
290_00.jpg,,,
290_01.jpg,,,
290_02.jpg,,,
290_10.jpg,,,
290_11.jpg,,,
290_12.jpg,,,
290_20.jpg,,,
290_21.jpg,,,
290_22.jpg,,,
290_30.jpg,,,
290_31.jpg,,,
290_32.jpg,,,
291_00.jpg,,,
291_01.jpg,,,
291_02.jpg,,,
291_10.jpg,,,
291_11.jpg,,,
291_12.jpg,,,
291_20.jpg,,,
291_21.jpg,,,
291_22.jpg,,,
291_30.jpg,,,
291_31.jpg,,,
291_32.jpg,,,
292_00.jpg,,,
292_01.jpg,,,
292_02.jpg,,,
292_10.jpg,,,
292_11.jpg,,,
292_12.jpg,,,
292_20.jpg,,,
292_21.jpg,,,
292_22.jpg,,,
292_30.jpg,,,
292_31.jpg,,,
292_32.jpg,,,
293_00.jpg,,,
293_01.jpg,,,
293_02.jpg,,,
293_10.jpg,,,
293_11.jpg,,,
293_12.jpg,,,
293_20.jpg,,,
293_21.jpg,,,
293_22.jpg,,,
293_30.jpg,,,
293_31.jpg,,,
293_32.jpg,,,
294_00.jpg,,,
294_01.jpg,,,
294_02.jpg,,,
294_10.jpg,,,
294_11.jpg,,,
294_12.jpg,,,
294_20.jpg,,,
294_21.jpg,,,
294_22.jpg,,,
294_30.jpg,,,
294_31.jpg,,,
294_32.jpg,,,
295_00.jpg,,,
295_01.jpg,,,
295_02.jpg,,,
295_10.jpg,,,
295_11.jpg,,,
295_12.jpg,,,
295_20.jpg,,,
295_21.jpg,,,
295_22.jpg,,,
295_30.jpg,,,
295_31.jpg,,,
295_32.jpg,,,
296_00.jpg,,,
296_01.jpg,,,
296_02.jpg,,,
296_10.jpg,,,
296_11.jpg,,,
296_12.jpg,,,
296_20.jpg,,,
296_21.jpg,,,
296_22.jpg,,,
296_30.jpg,,,
296_31.jpg,,,
296_32.jpg,,,
297_00.jpg,,,
297_01.jpg,,,
297_02.jpg,,,
297_10.jpg,,,
297_11.jpg,,,
297_12.jpg,,,
297_20.jpg,,,
297_21.jpg,,,
297_22.jpg,,,
297_30.jpg,,,
297_31.jpg,,,
297_32.jpg,,,
298_00.jpg,,,
298_01.jpg,,,
298_02.jpg,,,
298_10.jpg,,,
298_11.jpg,,,
298_12.jpg,,,
298_20.jpg,,,
298_21.jpg,,,
298_22.jpg,,,
298_30.jpg,,,
298_31.jpg,,,
298_32.jpg,,,
299_00.jpg,,,
299_01.jpg,,,
299_02.jpg,,,
299_10.jpg,,,
299_11.jpg,,,
299_12.jpg,,,
299_20.jpg,,,
299_21.jpg,,,
299_22.jpg,,,
299_30.jpg,,,
299_31.jpg,,,
299_32.jpg,,,
29_00.jpg,,,
29_01.jpg,,,
29_02.jpg,,,
29_10.jpg,,,
29_11.jpg,,,
29_12.jpg,,,
29_20.jpg,,,
29_21.jpg,,,
29_22.jpg,,,
29_30.jpg,,,
29_31.jpg,,,
29_32.jpg,,,
2_00.jpg,,,
2_01.jpg,,,
2_02.jpg,,,
2_10.jpg,,,
2_11.jpg,,,
2_12.jpg,,,
2_20.jpg,,,
2_21.jpg,,,
2_22.jpg,,,
2_30.jpg,,,
2_31.jpg,,,
2_32.jpg,,,
300_00.jpg,,,
300_01.jpg,,,
300_02.jpg,,,
300_10.jpg,,,
300_11.jpg,,,
300_12.jpg,,,
300_20.jpg,,,
300_21.jpg,,,
300_22.jpg,,,
300_30.jpg,,,
300_31.jpg,,,
300_32.jpg,,,
301_00.jpg,,,
301_01.jpg,,,
301_02.jpg,,,
301_10.jpg,,,
301_11.jpg,,,
301_12.jpg,,,
301_20.jpg,,,
301_21.jpg,,,
301_22.jpg,,,
301_30.jpg,,,
301_31.jpg,,,
301_32.jpg,,,
302_00.jpg,,,
302_01.jpg,,,
302_02.jpg,,,
302_10.jpg,,,
302_11.jpg,,,
302_12.jpg,,,
302_20.jpg,,,
302_21.jpg,,,
302_22.jpg,,,
302_30.jpg,,,
302_31.jpg,,,
302_32.jpg,,,
303_00.jpg,,,
303_01.jpg,,,
303_02.jpg,,,
303_10.jpg,,,
303_11.jpg,,,
303_12.jpg,,,
303_20.jpg,,,
303_21.jpg,,,
303_22.jpg,,,
303_30.jpg,,,
303_31.jpg,,,
303_32.jpg,,,
304_00.jpg,,,
304_01.jpg,,,
304_02.jpg,,,
304_10.jpg,,,
304_11.jpg,,,
304_12.jpg,,,
304_20.jpg,,,
304_21.jpg,,,
304_22.jpg,,,
304_30.jpg,,,
304_31.jpg,,,
304_32.jpg,,,
305_00.jpg,,,
305_01.jpg,,,
305_02.jpg,,,
305_10.jpg,,,
305_11.jpg,,,
305_12.jpg,,,
305_20.jpg,,,
305_21.jpg,,,
305_22.jpg,,,
305_30.jpg,,,
305_31.jpg,,,
305_32.jpg,,,
306_00.jpg,,,
306_01.jpg,,,
306_02.jpg,,,
306_10.jpg,,,
306_11.jpg,,,
306_12.jpg,,,
306_20.jpg,,,
306_21.jpg,,,
306_22.jpg,,,
306_30.jpg,,,
306_31.jpg,,,
306_32.jpg,,,
307_00.jpg,,,
307_01.jpg,,,
307_02.jpg,,,
307_10.jpg,,,
307_11.jpg,,,
307_12.jpg,,,
307_20.jpg,,,
307_21.jpg,,,
307_22.jpg,,,
307_30.jpg,,,
307_31.jpg,,,
307_32.jpg,,,
308_00.jpg,,,
308_01.jpg,,,
308_02.jpg,,,
308_10.jpg,,,
308_11.jpg,,,
308_12.jpg,,,
308_20.jpg,,,
308_21.jpg,,,
308_22.jpg,,,
308_30.jpg,,,
308_31.jpg,,,
308_32.jpg,,,
309_00.jpg,,,
309_01.jpg,,,
309_02.jpg,,,
309_10.jpg,,,
309_11.jpg,,,
309_12.jpg,,,
309_20.jpg,,,
309_21.jpg,,,
309_22.jpg,,,
309_30.jpg,,,
309_31.jpg,,,
309_32.jpg,,,
30_00.jpg,,,
30_01.jpg,,,
30_02.jpg,,,
30_10.jpg,,,
30_11.jpg,,,
30_12.jpg,,,
30_20.jpg,,,
30_21.jpg,,,
30_22.jpg,,,
30_30.jpg,,,
30_31.jpg,,,
30_32.jpg,,,
310_00.jpg,,,
310_01.jpg,,,
310_02.jpg,,,
310_10.jpg,,,
310_11.jpg,,,
310_12.jpg,,,
310_20.jpg,,,
310_21.jpg,,,
310_22.jpg,,,
310_30.jpg,,,
310_31.jpg,,,
310_32.jpg,,,
311_00.jpg,,,
311_01.jpg,,,
311_02.jpg,,,
311_10.jpg,,,
311_11.jpg,,,
311_12.jpg,,,
311_20.jpg,,,
311_21.jpg,,,
311_22.jpg,,,
311_30.jpg,,,
311_31.jpg,,,
311_32.jpg,,,
312_00.jpg,,,
312_01.jpg,,,
312_02.jpg,,,
312_10.jpg,,,
312_11.jpg,,,
312_12.jpg,,,
312_20.jpg,,,
312_21.jpg,,,
312_22.jpg,,,
312_30.jpg,,,
312_31.jpg,,,
312_32.jpg,,,
313_00.jpg,,,
313_01.jpg,,,
313_02.jpg,,,
313_10.jpg,,,
313_11.jpg,,,
313_12.jpg,,,
313_20.jpg,,,
313_21.jpg,,,
313_22.jpg,,,
313_30.jpg,,,
313_31.jpg,,,
313_32.jpg,,,
314_00.jpg,,,
314_01.jpg,,,
314_02.jpg,,,
314_10.jpg,,,
314_11.jpg,,,
314_12.jpg,,,
314_20.jpg,,,
314_21.jpg,,,
314_22.jpg,,,
314_30.jpg,,,
314_31.jpg,,,
314_32.jpg,,,
315_00.jpg,,,
315_01.jpg,,,
315_02.jpg,,,
315_10.jpg,,,
315_11.jpg,,,
315_12.jpg,,,
315_20.jpg,,,
315_21.jpg,,,
315_22.jpg,,,
315_30.jpg,,,
315_31.jpg,,,
315_32.jpg,,,
316_00.jpg,,,
316_01.jpg,,,
316_02.jpg,,,
316_10.jpg,,,
316_11.jpg,,,
316_12.jpg,,,
316_20.jpg,,,
316_21.jpg,,,
316_22.jpg,,,
316_30.jpg,,,
316_31.jpg,,,
316_32.jpg,,,
317_00.jpg,,,
317_01.jpg,,,
317_02.jpg,,,
317_10.jpg,,,
317_11.jpg,,,
317_12.jpg,,,
317_20.jpg,,,
317_21.jpg,,,
317_22.jpg,,,
317_30.jpg,,,
317_31.jpg,,,
317_32.jpg,,,
318_00.jpg,,,
318_01.jpg,,,
318_02.jpg,,,
318_10.jpg,,,
318_11.jpg,,,
318_12.jpg,,,
318_20.jpg,,,
318_21.jpg,,,
318_22.jpg,,,
318_30.jpg,,,
318_31.jpg,,,
318_32.jpg,,,
319_00.jpg,,,
319_01.jpg,,,
319_02.jpg,,,
319_10.jpg,,,
319_11.jpg,,,
319_12.jpg,,,
319_20.jpg,,,
319_21.jpg,,,
319_22.jpg,,,
319_30.jpg,,,
319_31.jpg,,,
319_32.jpg,,,
31_00.jpg,,,
31_01.jpg,,,
31_02.jpg,,,
31_10.jpg,,,
31_11.jpg,,,
31_12.jpg,,,
31_20.jpg,,,
31_21.jpg,,,
31_22.jpg,,,
31_30.jpg,,,
31_31.jpg,,,
31_32.jpg,,,
320_00.jpg,,,
320_01.jpg,,,
320_02.jpg,,,
320_10.jpg,,,
320_11.jpg,,,
320_12.jpg,,,
320_20.jpg,,,
320_21.jpg,,,
320_22.jpg,,,
320_30.jpg,,,
320_31.jpg,,,
320_32.jpg,,,
321_00.jpg,,,
321_01.jpg,,,
321_02.jpg,,,
321_10.jpg,,,
321_11.jpg,,,
321_12.jpg,,,
321_20.jpg,,,
321_21.jpg,,,
321_22.jpg,,,
321_30.jpg,,,
321_31.jpg,,,
321_32.jpg,,,
322_00.jpg,,,
322_01.jpg,,,
322_02.jpg,,,
322_10.jpg,,,
322_11.jpg,,,
322_12.jpg,,,
322_20.jpg,,,
322_21.jpg,,,
322_22.jpg,,,
322_30.jpg,,,
322_31.jpg,,,
322_32.jpg,,,
323_00.jpg,,,
323_01.jpg,,,
323_02.jpg,,,
323_10.jpg,,,
323_11.jpg,,,
323_12.jpg,,,
323_20.jpg,,,
323_21.jpg,,,
323_22.jpg,,,
323_30.jpg,,,
323_31.jpg,,,
323_32.jpg,,,
324_00.jpg,,,
324_01.jpg,,,
324_02.jpg,,,
324_10.jpg,,,
324_11.jpg,,,
324_12.jpg,,,
324_20.jpg,,,
324_21.jpg,,,
324_22.jpg,,,
324_30.jpg,,,
324_31.jpg,,,
324_32.jpg,,,
325_00.jpg,,,
325_01.jpg,,,
325_02.jpg,,,
325_10.jpg,,,
325_11.jpg,,,
325_12.jpg,,,
325_20.jpg,,,
325_21.jpg,,,
325_22.jpg,,,
325_30.jpg,,,
325_31.jpg,,,
325_32.jpg,,,
326_00.jpg,,,
326_01.jpg,,,
326_02.jpg,,,
326_10.jpg,,,
326_11.jpg,,,
326_12.jpg,,,
326_20.jpg,,,
326_21.jpg,,,
326_22.jpg,,,
326_30.jpg,,,
326_31.jpg,,,
326_32.jpg,,,
327_00.jpg,,,
327_01.jpg,,,
327_02.jpg,,,
327_10.jpg,,,
327_11.jpg,,,
327_12.jpg,,,
327_20.jpg,,,
327_21.jpg,,,
327_22.jpg,,,
327_30.jpg,,,
327_31.jpg,,,
327_32.jpg,,,
328_00.jpg,,,
328_01.jpg,,,
328_02.jpg,,,
328_10.jpg,,,
328_11.jpg,,,
328_12.jpg,,,
328_20.jpg,,,
328_21.jpg,,,
328_22.jpg,,,
328_30.jpg,,,
328_31.jpg,,,
328_32.jpg,,,
329_00.jpg,,,
329_01.jpg,,,
329_02.jpg,,,
329_10.jpg,,,
329_11.jpg,,,
329_12.jpg,,,
329_20.jpg,,,
329_21.jpg,,,
329_22.jpg,,,
329_30.jpg,,,
329_31.jpg,,,
329_32.jpg,,,
32_00.jpg,,,
32_01.jpg,,,
32_02.jpg,,,
32_10.jpg,,,
32_11.jpg,,,
32_12.jpg,,,
32_20.jpg,,,
32_21.jpg,,,
32_22.jpg,,,
32_30.jpg,,,
32_31.jpg,,,
32_32.jpg,,,
330_00.jpg,,,
330_01.jpg,,,
330_02.jpg,,,
330_10.jpg,,,
330_11.jpg,,,
330_12.jpg,,,
330_20.jpg,,,
330_21.jpg,,,
330_22.jpg,,,
330_30.jpg,,,
330_31.jpg,,,
330_32.jpg,,,
331_00.jpg,,,
331_01.jpg,,,
331_02.jpg,,,
331_10.jpg,,,
331_11.jpg,,,
331_12.jpg,,,
331_20.jpg,,,
331_21.jpg,,,
331_22.jpg,,,
331_30.jpg,,,
331_31.jpg,,,
331_32.jpg,,,
332_00.jpg,,,
332_01.jpg,,,
332_02.jpg,,,
332_10.jpg,,,
332_11.jpg,,,
332_12.jpg,,,
332_20.jpg,,,
332_21.jpg,,,
332_22.jpg,,,
332_30.jpg,,,
332_31.jpg,,,
332_32.jpg,,,
333_00.jpg,,,
333_01.jpg,,,
333_02.jpg,,,
333_10.jpg,,,
333_11.jpg,,,
333_12.jpg,,,
333_20.jpg,,,
333_21.jpg,,,
333_22.jpg,,,
333_30.jpg,,,
333_31.jpg,,,
333_32.jpg,,,
334_00.jpg,,,
334_01.jpg,,,
334_02.jpg,,,
334_10.jpg,,,
334_11.jpg,,,
334_12.jpg,,,
334_20.jpg,,,
334_21.jpg,,,
334_22.jpg,,,
334_30.jpg,,,
334_31.jpg,,,
334_32.jpg,,,
335_00.jpg,,,
335_01.jpg,,,
335_02.jpg,,,
335_10.jpg,,,
335_11.jpg,,,
335_12.jpg,,,
335_20.jpg,,,
335_21.jpg,,,
335_22.jpg,,,
335_30.jpg,,,
335_31.jpg,,,
335_32.jpg,,,
336_00.jpg,,,
336_01.jpg,,,
336_02.jpg,,,
336_10.jpg,,,
336_11.jpg,,,
336_12.jpg,,,
336_20.jpg,,,
336_21.jpg,,,
336_22.jpg,,,
336_30.jpg,,,
336_31.jpg,,,
336_32.jpg,,,
337_00.jpg,,,
337_01.jpg,,,
337_02.jpg,,,
337_10.jpg,,,
337_11.jpg,,,
337_12.jpg,,,
337_20.jpg,,,
337_21.jpg,,,
337_22.jpg,,,
337_30.jpg,,,
337_31.jpg,,,
337_32.jpg,,,
338_00.jpg,,,
338_01.jpg,,,
338_02.jpg,,,
338_10.jpg,,,
338_11.jpg,,,
338_12.jpg,,,
338_20.jpg,,,
338_21.jpg,,,
338_22.jpg,,,
338_30.jpg,,,
338_31.jpg,,,
338_32.jpg,,,
339_00.jpg,,,
339_01.jpg,,,
339_02.jpg,,,
339_10.jpg,,,
339_11.jpg,,,
339_12.jpg,,,
339_20.jpg,,,
339_21.jpg,,,
339_22.jpg,,,
339_30.jpg,,,
339_31.jpg,,,
339_32.jpg,,,
33_00.jpg,,,
33_01.jpg,,,
33_02.jpg,,,
33_10.jpg,,,
33_11.jpg,,,
33_12.jpg,,,
33_20.jpg,,,
33_21.jpg,,,
33_22.jpg,,,
33_30.jpg,,,
33_31.jpg,,,
33_32.jpg,,,
340_00.jpg,,,
340_01.jpg,,,
340_02.jpg,,,
340_10.jpg,,,
340_11.jpg,,,
340_12.jpg,,,
340_20.jpg,,,
340_21.jpg,,,
340_22.jpg,,,
340_30.jpg,,,
340_31.jpg,,,
340_32.jpg,,,
341_00.jpg,,,
341_01.jpg,,,
341_02.jpg,,,
341_10.jpg,,,
341_11.jpg,,,
341_12.jpg,,,
341_20.jpg,,,
341_21.jpg,,,
341_22.jpg,,,
341_30.jpg,,,
341_31.jpg,,,
341_32.jpg,,,
342_00.jpg,,,
342_01.jpg,,,
342_02.jpg,,,
342_10.jpg,,,
342_11.jpg,,,
342_12.jpg,,,
342_20.jpg,,,
342_21.jpg,,,
342_22.jpg,,,
342_30.jpg,,,
342_31.jpg,,,
342_32.jpg,,,
343_00.jpg,,,
343_01.jpg,,,
343_02.jpg,,,
343_10.jpg,,,
343_11.jpg,,,
343_12.jpg,,,
343_20.jpg,,,
343_21.jpg,,,
343_22.jpg,,,
343_30.jpg,,,
343_31.jpg,,,
343_32.jpg,,,
344_00.jpg,,,
344_01.jpg,,,
344_02.jpg,,,
344_10.jpg,,,
344_11.jpg,,,
344_12.jpg,,,
344_20.jpg,,,
344_21.jpg,,,
344_22.jpg,,,
344_30.jpg,,,
344_31.jpg,,,
344_32.jpg,,,
345_00.jpg,,,
345_01.jpg,,,
345_02.jpg,,,
345_10.jpg,,,
345_11.jpg,,,
345_12.jpg,,,
345_20.jpg,,,
345_21.jpg,,,
345_22.jpg,,,
345_30.jpg,,,
345_31.jpg,,,
345_32.jpg,,,
346_00.jpg,,,
346_01.jpg,,,
346_02.jpg,,,
346_10.jpg,,,
346_11.jpg,,,
346_12.jpg,,,
346_20.jpg,,,
346_21.jpg,,,
346_22.jpg,,,
346_30.jpg,,,
346_31.jpg,,,
346_32.jpg,,,
347_00.jpg,,,
347_01.jpg,,,
347_02.jpg,,,
347_10.jpg,,,
347_11.jpg,,,
347_12.jpg,,,
347_20.jpg,,,
347_21.jpg,,,
347_22.jpg,,,
347_30.jpg,,,
347_31.jpg,,,
347_32.jpg,,,
348_00.jpg,,,
348_01.jpg,,,
348_02.jpg,,,
348_10.jpg,,,
348_11.jpg,,,
348_12.jpg,,,
348_20.jpg,,,
348_21.jpg,,,
348_22.jpg,,,
348_30.jpg,,,
348_31.jpg,,,
348_32.jpg,,,
349_00.jpg,,,
349_01.jpg,,,
349_02.jpg,,,
349_10.jpg,,,
349_11.jpg,,,
349_12.jpg,,,
349_20.jpg,,,
349_21.jpg,,,
349_22.jpg,,,
349_30.jpg,,,
349_31.jpg,,,
349_32.jpg,,,
34_00.jpg,,,
34_01.jpg,,,
34_02.jpg,,,
34_10.jpg,,,
34_11.jpg,,,
34_12.jpg,,,
34_20.jpg,,,
34_21.jpg,,,
34_22.jpg,,,
34_30.jpg,,,
34_31.jpg,,,
34_32.jpg,,,
350_00.jpg,,,
350_01.jpg,,,
350_02.jpg,,,
350_10.jpg,,,
350_11.jpg,,,
350_12.jpg,,,
350_20.jpg,,,
350_21.jpg,,,
350_22.jpg,,,
350_30.jpg,,,
350_31.jpg,,,
350_32.jpg,,,
351_00.jpg,,,
351_01.jpg,,,
351_02.jpg,,,
351_10.jpg,,,
351_11.jpg,,,
351_12.jpg,,,
351_20.jpg,,,
351_21.jpg,,,
351_22.jpg,,,
351_30.jpg,,,
351_31.jpg,,,
351_32.jpg,,,
352_00.jpg,,,
352_01.jpg,,,
352_02.jpg,,,
352_10.jpg,,,
352_11.jpg,,,
352_12.jpg,,,
352_20.jpg,,,
352_21.jpg,,,
352_22.jpg,,,
352_30.jpg,,,
352_31.jpg,,,
352_32.jpg,,,
353_00.jpg,,,
353_01.jpg,,,
353_02.jpg,,,
353_10.jpg,,,
353_11.jpg,,,
353_12.jpg,,,
353_20.jpg,,,
353_21.jpg,,,
353_22.jpg,,,
353_30.jpg,,,
353_31.jpg,,,
353_32.jpg,,,
354_00.jpg,,,
354_01.jpg,,,
354_02.jpg,,,
354_10.jpg,,,
354_11.jpg,,,
354_12.jpg,,,
354_20.jpg,,,
354_21.jpg,,,
354_22.jpg,,,
354_30.jpg,,,
354_31.jpg,,,
354_32.jpg,,,
355_00.jpg,,,
355_01.jpg,,,
355_02.jpg,,,
355_10.jpg,,,
355_11.jpg,,,
355_12.jpg,,,
355_20.jpg,,,
355_21.jpg,,,
355_22.jpg,,,
355_30.jpg,,,
355_31.jpg,,,
355_32.jpg,,,
356_00.jpg,,,
356_01.jpg,,,
356_02.jpg,,,
356_10.jpg,,,
356_11.jpg,,,
356_12.jpg,,,
356_20.jpg,,,
356_21.jpg,,,
356_22.jpg,,,
356_30.jpg,,,
356_31.jpg,,,
356_32.jpg,,,
357_00.jpg,,,
357_01.jpg,,,
357_02.jpg,,,
357_10.jpg,,,
357_11.jpg,,,
357_12.jpg,,,
357_20.jpg,,,
357_21.jpg,,,
357_22.jpg,,,
357_30.jpg,,,
357_31.jpg,,,
357_32.jpg,,,
358_00.jpg,,,
358_01.jpg,,,
358_02.jpg,,,
358_10.jpg,,,
358_11.jpg,,,
358_12.jpg,,,
358_20.jpg,,,
358_21.jpg,,,
358_22.jpg,,,
358_30.jpg,,,
358_31.jpg,,,
358_32.jpg,,,
359_00.jpg,,,
359_01.jpg,,,
359_02.jpg,,,
359_10.jpg,,,
359_11.jpg,,,
359_12.jpg,,,
359_20.jpg,,,
359_21.jpg,,,
359_22.jpg,,,
359_30.jpg,,,
359_31.jpg,,,
359_32.jpg,,,
35_00.jpg,,,
35_01.jpg,,,
35_02.jpg,,,
35_10.jpg,,,
35_11.jpg,,,
35_12.jpg,,,
35_20.jpg,,,
35_21.jpg,,,
35_22.jpg,,,
35_30.jpg,,,
35_31.jpg,,,
35_32.jpg,,,
360_00.jpg,,,
360_01.jpg,,,
360_02.jpg,,,
360_10.jpg,,,
360_11.jpg,,,
360_12.jpg,,,
360_20.jpg,,,
360_21.jpg,,,
360_22.jpg,,,
360_30.jpg,,,
360_31.jpg,,,
360_32.jpg,,,
361_00.jpg,,,
361_01.jpg,,,
361_02.jpg,,,
361_10.jpg,,,
361_11.jpg,,,
361_12.jpg,,,
361_20.jpg,,,
361_21.jpg,,,
361_22.jpg,,,
361_30.jpg,,,
361_31.jpg,,,
361_32.jpg,,,
362_00.jpg,,,
362_01.jpg,,,
362_02.jpg,,,
362_10.jpg,,,
362_11.jpg,,,
362_12.jpg,,,
362_20.jpg,,,
362_21.jpg,,,
362_22.jpg,,,
362_30.jpg,,,
362_31.jpg,,,
362_32.jpg,,,
363_00.jpg,,,
363_01.jpg,,,
363_02.jpg,,,
363_10.jpg,,,
363_11.jpg,,,
363_12.jpg,,,
363_20.jpg,,,
363_21.jpg,,,
363_22.jpg,,,
363_30.jpg,,,
363_31.jpg,,,
363_32.jpg,,,
364_00.jpg,,,
364_01.jpg,,,
364_02.jpg,,,
364_10.jpg,,,
364_11.jpg,,,
364_12.jpg,,,
364_20.jpg,,,
364_21.jpg,,,
364_22.jpg,,,
364_30.jpg,,,
364_31.jpg,,,
364_32.jpg,,,
365_00.jpg,,,
365_01.jpg,,,
365_02.jpg,,,
365_10.jpg,,,
365_11.jpg,,,
365_12.jpg,,,
365_20.jpg,,,
365_21.jpg,,,
365_22.jpg,,,
365_30.jpg,,,
365_31.jpg,,,
365_32.jpg,,,
366_00.jpg,,,
366_01.jpg,,,
366_02.jpg,,,
366_10.jpg,,,
366_11.jpg,,,
366_12.jpg,,,
366_20.jpg,,,
366_21.jpg,,,
366_22.jpg,,,
366_30.jpg,,,
366_31.jpg,,,
366_32.jpg,,,
367_00.jpg,,,
367_01.jpg,,,
367_02.jpg,,,
367_10.jpg,,,
367_11.jpg,,,
367_12.jpg,,,
367_20.jpg,,,
367_21.jpg,,,
367_22.jpg,,,
367_30.jpg,,,
367_31.jpg,,,
367_32.jpg,,,
368_00.jpg,,,
368_01.jpg,,,
368_02.jpg,,,
368_10.jpg,,,
368_11.jpg,,,
368_12.jpg,,,
368_20.jpg,,,
368_21.jpg,,,
368_22.jpg,,,
368_30.jpg,,,
368_31.jpg,,,
368_32.jpg,,,
369_00.jpg,,,
369_01.jpg,,,
369_02.jpg,,,
369_10.jpg,,,
369_11.jpg,,,
369_12.jpg,,,
369_20.jpg,,,
369_21.jpg,,,
369_22.jpg,,,
369_30.jpg,,,
369_31.jpg,,,
369_32.jpg,,,
36_00.jpg,,,
36_01.jpg,,,
36_02.jpg,,,
36_10.jpg,,,
36_11.jpg,,,
36_12.jpg,,,
36_20.jpg,,,
36_21.jpg,,,
36_22.jpg,,,
36_30.jpg,,,
36_31.jpg,,,
36_32.jpg,,,
370_00.jpg,,,
370_01.jpg,,,
370_02.jpg,,,
370_10.jpg,,,
370_11.jpg,,,
370_12.jpg,,,
370_20.jpg,,,
370_21.jpg,,,
370_22.jpg,,,
370_30.jpg,,,
370_31.jpg,,,
370_32.jpg,,,
371_00.jpg,,,
371_01.jpg,,,
371_02.jpg,,,
371_10.jpg,,,
371_11.jpg,,,
371_12.jpg,,,
371_20.jpg,,,
371_21.jpg,,,
371_22.jpg,,,
371_30.jpg,,,
371_31.jpg,,,
371_32.jpg,,,
372_00.jpg,,,
372_01.jpg,,,
372_02.jpg,,,
372_10.jpg,,,
372_11.jpg,,,
372_12.jpg,,,
372_20.jpg,,,
372_21.jpg,,,
372_22.jpg,,,
372_30.jpg,,,
372_31.jpg,,,
372_32.jpg,,,
373_00.jpg,,,
373_01.jpg,,,
373_02.jpg,,,
373_10.jpg,,,
373_11.jpg,,,
373_12.jpg,,,
373_20.jpg,,,
373_21.jpg,,,
373_22.jpg,,,
373_30.jpg,,,
373_31.jpg,,,
373_32.jpg,,,
374_00.jpg,,,
374_01.jpg,,,
374_02.jpg,,,
374_10.jpg,,,
374_11.jpg,,,
374_12.jpg,,,
374_20.jpg,,,
374_21.jpg,,,
374_22.jpg,,,
374_30.jpg,,,
374_31.jpg,,,
374_32.jpg,,,
375_00.jpg,,,
375_01.jpg,,,
375_02.jpg,,,
375_10.jpg,,,
375_11.jpg,,,
375_12.jpg,,,
375_20.jpg,,,
375_21.jpg,,,
375_22.jpg,,,
375_30.jpg,,,
375_31.jpg,,,
375_32.jpg,,,
376_00.jpg,,,
376_01.jpg,,,
376_02.jpg,,,
376_10.jpg,,,
376_11.jpg,,,
376_12.jpg,,,
376_20.jpg,,,
376_21.jpg,,,
376_22.jpg,,,
376_30.jpg,,,
376_31.jpg,,,
376_32.jpg,,,
377_00.jpg,,,
377_01.jpg,,,
377_02.jpg,,,
377_10.jpg,,,
377_11.jpg,,,
377_12.jpg,,,
377_20.jpg,,,
377_21.jpg,,,
377_22.jpg,,,
377_30.jpg,,,
377_31.jpg,,,
377_32.jpg,,,
378_00.jpg,,,
378_01.jpg,,,
378_02.jpg,,,
378_10.jpg,,,
378_11.jpg,,,
378_12.jpg,,,
378_20.jpg,,,
378_21.jpg,,,
378_22.jpg,,,
378_30.jpg,,,
378_31.jpg,,,
378_32.jpg,,,
379_00.jpg,,,
379_01.jpg,,,
379_02.jpg,,,
379_10.jpg,,,
379_11.jpg,,,
379_12.jpg,,,
379_20.jpg,,,
379_21.jpg,,,
379_22.jpg,,,
379_30.jpg,,,
379_31.jpg,,,
379_32.jpg,,,
37_00.jpg,,,
37_01.jpg,,,
37_02.jpg,,,
37_10.jpg,,,
37_11.jpg,,,
37_12.jpg,,,
37_20.jpg,,,
37_21.jpg,,,
37_22.jpg,,,
37_30.jpg,,,
37_31.jpg,,,
37_32.jpg,,,
380_00.jpg,,,
380_01.jpg,,,
380_02.jpg,,,
380_10.jpg,,,
380_11.jpg,,,
380_12.jpg,,,
380_20.jpg,,,
380_21.jpg,,,
380_22.jpg,,,
380_30.jpg,,,
380_31.jpg,,,
380_32.jpg,,,
381_00.jpg,,,
381_01.jpg,,,
381_02.jpg,,,
381_10.jpg,,,
381_11.jpg,,,
381_12.jpg,,,
381_20.jpg,,,
381_21.jpg,,,
381_22.jpg,,,
381_30.jpg,,,
381_31.jpg,,,
381_32.jpg,,,
382_00.jpg,,,
382_01.jpg,,,
382_02.jpg,,,
382_10.jpg,,,
382_11.jpg,,,
382_12.jpg,,,
382_20.jpg,,,
382_21.jpg,,,
382_22.jpg,,,
382_30.jpg,,,
382_31.jpg,,,
382_32.jpg,,,
383_00.jpg,,,
383_01.jpg,,,
383_02.jpg,,,
383_10.jpg,,,
383_11.jpg,,,
383_12.jpg,,,
383_20.jpg,,,
383_21.jpg,,,
383_22.jpg,,,
383_30.jpg,,,
383_31.jpg,,,
383_32.jpg,,,
384_00.jpg,,,
384_01.jpg,,,
384_02.jpg,,,
384_10.jpg,,,
384_11.jpg,,,
384_12.jpg,,,
384_20.jpg,,,
384_21.jpg,,,
384_22.jpg,,,
384_30.jpg,,,
384_31.jpg,,,
384_32.jpg,,,
385_00.jpg,,,
385_01.jpg,,,
385_02.jpg,,,
385_10.jpg,,,
385_11.jpg,,,
385_12.jpg,,,
385_20.jpg,,,
385_21.jpg,,,
385_22.jpg,,,
385_30.jpg,,,
385_31.jpg,,,
385_32.jpg,,,
386_00.jpg,,,
386_01.jpg,,,
386_02.jpg,,,
386_10.jpg,,,
386_11.jpg,,,
386_12.jpg,,,
386_20.jpg,,,
386_21.jpg,,,
386_22.jpg,,,
386_30.jpg,,,
386_31.jpg,,,
386_32.jpg,,,
387_00.jpg,,,
387_01.jpg,,,
387_02.jpg,,,
387_10.jpg,,,
387_11.jpg,,,
387_12.jpg,,,
387_20.jpg,,,
387_21.jpg,,,
387_22.jpg,,,
387_30.jpg,,,
387_31.jpg,,,
387_32.jpg,,,
388_00.jpg,,,
388_01.jpg,,,
388_02.jpg,,,
388_10.jpg,,,
388_11.jpg,,,
388_12.jpg,,,
388_20.jpg,,,
388_21.jpg,,,
388_22.jpg,,,
388_30.jpg,,,
388_31.jpg,,,
388_32.jpg,,,
389_00.jpg,,,
389_01.jpg,,,
389_02.jpg,,,
389_10.jpg,,,
389_11.jpg,,,
389_12.jpg,,,
389_20.jpg,,,
389_21.jpg,,,
389_22.jpg,,,
389_30.jpg,,,
389_31.jpg,,,
389_32.jpg,,,
38_00.jpg,,,
38_01.jpg,,,
38_02.jpg,,,
38_10.jpg,,,
38_11.jpg,,,
38_12.jpg,,,
38_20.jpg,,,
38_21.jpg,,,
38_22.jpg,,,
38_30.jpg,,,
38_31.jpg,,,
38_32.jpg,,,
390_00.jpg,,,
390_01.jpg,,,
390_02.jpg,,,
390_10.jpg,,,
390_11.jpg,,,
390_12.jpg,,,
390_20.jpg,,,
390_21.jpg,,,
390_22.jpg,,,
390_30.jpg,,,
390_31.jpg,,,
390_32.jpg,,,
391_00.jpg,,,
391_01.jpg,,,
391_02.jpg,,,
391_10.jpg,,,
391_11.jpg,,,
391_12.jpg,,,
391_20.jpg,,,
391_21.jpg,,,
391_22.jpg,,,
391_30.jpg,,,
391_31.jpg,,,
391_32.jpg,,,
392_00.jpg,,,
392_01.jpg,,,
392_02.jpg,,,
392_10.jpg,,,
392_11.jpg,,,
392_12.jpg,,,
392_20.jpg,,,
392_21.jpg,,,
392_22.jpg,,,
392_30.jpg,,,
392_31.jpg,,,
392_32.jpg,,,
393_00.jpg,,,
393_01.jpg,,,
393_02.jpg,,,
393_10.jpg,,,
393_11.jpg,,,
393_12.jpg,,,
393_20.jpg,,,
393_21.jpg,,,
393_22.jpg,,,
393_30.jpg,,,
393_31.jpg,,,
393_32.jpg,,,
394_00.jpg,,,
394_01.jpg,,,
394_02.jpg,,,
394_10.jpg,,,
394_11.jpg,,,
394_12.jpg,,,
394_20.jpg,,,
394_21.jpg,,,
394_22.jpg,,,
394_30.jpg,,,
394_31.jpg,,,
394_32.jpg,,,
395_00.jpg,,,
395_01.jpg,,,
395_02.jpg,,,
395_10.jpg,,,
395_11.jpg,,,
395_12.jpg,,,
395_20.jpg,,,
395_21.jpg,,,
395_22.jpg,,,
395_30.jpg,,,
395_31.jpg,,,
395_32.jpg,,,
396_00.jpg,,,
396_01.jpg,,,
396_02.jpg,,,
396_10.jpg,,,
396_11.jpg,,,
396_12.jpg,,,
396_20.jpg,,,
396_21.jpg,,,
396_22.jpg,,,
396_30.jpg,,,
396_31.jpg,,,
396_32.jpg,,,
397_00.jpg,,,
397_01.jpg,,,
397_02.jpg,,,
397_10.jpg,,,
397_11.jpg,,,
397_12.jpg,,,
397_20.jpg,,,
397_21.jpg,,,
397_22.jpg,,,
397_30.jpg,,,
397_31.jpg,,,
397_32.jpg,,,
398_00.jpg,,,
398_01.jpg,,,
398_02.jpg,,,
398_10.jpg,,,
398_11.jpg,,,
398_12.jpg,,,
398_20.jpg,,,
398_21.jpg,,,
398_22.jpg,,,
398_30.jpg,,,
398_31.jpg,,,
398_32.jpg,,,
399_00.jpg,,,
399_01.jpg,,,
399_02.jpg,,,
399_10.jpg,,,
399_11.jpg,,,
399_12.jpg,,,
399_20.jpg,,,
399_21.jpg,,,
399_22.jpg,,,
399_30.jpg,,,
399_31.jpg,,,
399_32.jpg,,,
39_00.jpg,,,
39_01.jpg,,,
39_02.jpg,,,
39_10.jpg,,,
39_11.jpg,,,
39_12.jpg,,,
39_20.jpg,,,
39_21.jpg,,,
39_22.jpg,,,
39_30.jpg,,,
39_31.jpg,,,
39_32.jpg,,,
3_00.jpg,,,
3_01.jpg,,,
3_02.jpg,,,
3_10.jpg,,,
3_11.jpg,,,
3_12.jpg,,,
3_20.jpg,,,
3_21.jpg,,,
3_22.jpg,,,
3_30.jpg,,,
3_31.jpg,,,
3_32.jpg,,,
400_00.jpg,,,
400_01.jpg,,,
400_02.jpg,,,
400_10.jpg,,,
400_11.jpg,,,
400_12.jpg,,,
400_20.jpg,,,
400_21.jpg,,,
400_22.jpg,,,
400_30.jpg,,,
400_31.jpg,,,
400_32.jpg,,,
401_00.jpg,,,
401_01.jpg,,,
401_02.jpg,,,
401_10.jpg,,,
401_11.jpg,,,
401_12.jpg,,,
401_20.jpg,,,
401_21.jpg,,,
401_22.jpg,,,
401_30.jpg,,,
401_31.jpg,,,
401_32.jpg,,,
402_00.jpg,,,
402_01.jpg,,,
402_02.jpg,,,
402_10.jpg,,,
402_11.jpg,,,
402_12.jpg,,,
402_20.jpg,,,
402_21.jpg,,,
402_22.jpg,,,
402_30.jpg,,,
402_31.jpg,,,
402_32.jpg,,,
403_00.jpg,,,
403_01.jpg,,,
403_02.jpg,,,
403_10.jpg,,,
403_11.jpg,,,
403_12.jpg,,,
403_20.jpg,,,
403_21.jpg,,,
403_22.jpg,,,
403_30.jpg,,,
403_31.jpg,,,
403_32.jpg,,,
404_00.jpg,,,
404_01.jpg,,,
404_02.jpg,,,
404_10.jpg,,,
404_11.jpg,,,
404_12.jpg,,,
404_20.jpg,,,
404_21.jpg,,,
404_22.jpg,,,
404_30.jpg,,,
404_31.jpg,,,
404_32.jpg,,,
405_00.jpg,,,
405_01.jpg,,,
405_02.jpg,,,
405_10.jpg,,,
405_11.jpg,,,
405_12.jpg,,,
405_20.jpg,,,
405_21.jpg,,,
405_22.jpg,,,
405_30.jpg,,,
405_31.jpg,,,
405_32.jpg,,,
406_00.jpg,,,
406_01.jpg,,,
406_02.jpg,,,
406_10.jpg,,,
406_11.jpg,,,
406_12.jpg,,,
406_20.jpg,,,
406_21.jpg,,,
406_22.jpg,,,
406_30.jpg,,,
406_31.jpg,,,
406_32.jpg,,,
407_00.jpg,,,
407_01.jpg,,,
407_02.jpg,,,
407_10.jpg,,,
407_11.jpg,,,
407_12.jpg,,,
407_20.jpg,,,
407_21.jpg,,,
407_22.jpg,,,
407_30.jpg,,,
407_31.jpg,,,
407_32.jpg,,,
408_00.jpg,,,
408_01.jpg,,,
408_02.jpg,,,
408_10.jpg,,,
408_11.jpg,,,
408_12.jpg,,,
408_20.jpg,,,
408_21.jpg,,,
408_22.jpg,,,
408_30.jpg,,,
408_31.jpg,,,
408_32.jpg,,,
409_00.jpg,,,
409_01.jpg,,,
409_02.jpg,,,
409_10.jpg,,,
409_11.jpg,,,
409_12.jpg,,,
409_20.jpg,,,
409_21.jpg,,,
409_22.jpg,,,
409_30.jpg,,,
409_31.jpg,,,
409_32.jpg,,,
40_00.jpg,,,
40_01.jpg,,,
40_02.jpg,,,
40_10.jpg,,,
40_11.jpg,,,
40_12.jpg,,,
40_20.jpg,,,
40_21.jpg,,,
40_22.jpg,,,
40_30.jpg,,,
40_31.jpg,,,
40_32.jpg,,,
410_00.jpg,,,
410_01.jpg,,,
410_02.jpg,,,
410_10.jpg,,,
410_11.jpg,,,
410_12.jpg,,,
410_20.jpg,,,
410_21.jpg,,,
410_22.jpg,,,
410_30.jpg,,,
410_31.jpg,,,
410_32.jpg,,,
411_00.jpg,,,
411_01.jpg,,,
411_02.jpg,,,
411_10.jpg,,,
411_11.jpg,,,
411_12.jpg,,,
411_20.jpg,,,
411_21.jpg,,,
411_22.jpg,,,
411_30.jpg,,,
411_31.jpg,,,
411_32.jpg,,,
412_00.jpg,,,
412_01.jpg,,,
412_02.jpg,,,
412_10.jpg,,,
412_11.jpg,,,
412_12.jpg,,,
412_20.jpg,,,
412_21.jpg,,,
412_22.jpg,,,
412_30.jpg,,,
412_31.jpg,,,
412_32.jpg,,,
413_00.jpg,,,
413_01.jpg,,,
413_02.jpg,,,
413_10.jpg,,,
413_11.jpg,,,
413_12.jpg,,,
413_20.jpg,,,
413_21.jpg,,,
413_22.jpg,,,
413_30.jpg,,,
413_31.jpg,,,
413_32.jpg,,,
414_00.jpg,,,
414_01.jpg,,,
414_02.jpg,,,
414_10.jpg,,,
414_11.jpg,,,
414_12.jpg,,,
414_20.jpg,,,
414_21.jpg,,,
414_22.jpg,,,
414_30.jpg,,,
414_31.jpg,,,
414_32.jpg,,,
415_00.jpg,,,
415_01.jpg,,,
415_02.jpg,,,
415_10.jpg,,,
415_11.jpg,,,
415_12.jpg,,,
415_20.jpg,,,
415_21.jpg,,,
415_22.jpg,,,
415_30.jpg,,,
415_31.jpg,,,
415_32.jpg,,,
416_00.jpg,,,
416_01.jpg,,,
416_02.jpg,,,
416_10.jpg,,,
416_11.jpg,,,
416_12.jpg,,,
416_20.jpg,,,
416_21.jpg,,,
416_22.jpg,,,
416_30.jpg,,,
416_31.jpg,,,
416_32.jpg,,,
417_00.jpg,,,
417_01.jpg,,,
417_02.jpg,,,
417_10.jpg,,,
417_11.jpg,,,
417_12.jpg,,,
417_20.jpg,,,
417_21.jpg,,,
417_22.jpg,,,
417_30.jpg,,,
417_31.jpg,,,
417_32.jpg,,,
418_00.jpg,,,
418_01.jpg,,,
418_02.jpg,,,
418_10.jpg,,,
418_11.jpg,,,
418_12.jpg,,,
418_20.jpg,,,
418_21.jpg,,,
418_22.jpg,,,
418_30.jpg,,,
418_31.jpg,,,
418_32.jpg,,,
419_00.jpg,,,
419_01.jpg,,,
419_02.jpg,,,
419_10.jpg,,,
419_11.jpg,,,
419_12.jpg,,,
419_20.jpg,,,
419_21.jpg,,,
419_22.jpg,,,
419_30.jpg,,,
419_31.jpg,,,
419_32.jpg,,,
41_00.jpg,,,
41_01.jpg,,,
41_02.jpg,,,
41_10.jpg,,,
41_11.jpg,,,
41_12.jpg,,,
41_20.jpg,,,
41_21.jpg,,,
41_22.jpg,,,
41_30.jpg,,,
41_31.jpg,,,
41_32.jpg,,,
420_00.jpg,,,
420_01.jpg,,,
420_02.jpg,,,
420_10.jpg,,,
420_11.jpg,,,
420_12.jpg,,,
420_20.jpg,,,
420_21.jpg,,,
420_22.jpg,,,
420_30.jpg,,,
420_31.jpg,,,
420_32.jpg,,,
421_00.jpg,,,
421_01.jpg,,,
421_02.jpg,,,
421_10.jpg,,,
421_11.jpg,,,
421_12.jpg,,,
421_20.jpg,,,
421_21.jpg,,,
421_22.jpg,,,
421_30.jpg,,,
421_31.jpg,,,
421_32.jpg,,,
422_00.jpg,,,
422_01.jpg,,,
422_02.jpg,,,
422_10.jpg,,,
422_11.jpg,,,
422_12.jpg,,,
422_20.jpg,,,
422_21.jpg,,,
422_22.jpg,,,
422_30.jpg,,,
422_31.jpg,,,
422_32.jpg,,,
423_00.jpg,,,
423_01.jpg,,,
423_02.jpg,,,
423_10.jpg,,,
423_11.jpg,,,
423_12.jpg,,,
423_20.jpg,,,
423_21.jpg,,,
423_22.jpg,,,
423_30.jpg,,,
423_31.jpg,,,
423_32.jpg,,,
424_00.jpg,,,
424_01.jpg,,,
424_02.jpg,,,
424_10.jpg,,,
424_11.jpg,,,
424_12.jpg,,,
424_20.jpg,,,
424_21.jpg,,,
424_22.jpg,,,
424_30.jpg,,,
424_31.jpg,,,
424_32.jpg,,,
425_00.jpg,,,
425_01.jpg,,,
425_02.jpg,,,
425_10.jpg,,,
425_11.jpg,,,
425_12.jpg,,,
425_20.jpg,,,
425_21.jpg,,,
425_22.jpg,,,
425_30.jpg,,,
425_31.jpg,,,
425_32.jpg,,,
426_00.jpg,,,
426_01.jpg,,,
426_02.jpg,,,
426_10.jpg,,,
426_11.jpg,,,
426_12.jpg,,,
426_20.jpg,,,
426_21.jpg,,,
426_22.jpg,,,
426_30.jpg,,,
426_31.jpg,,,
426_32.jpg,,,
427_00.jpg,,,
427_01.jpg,,,
427_02.jpg,,,
427_10.jpg,,,
427_11.jpg,,,
427_12.jpg,,,
427_20.jpg,,,
427_21.jpg,,,
427_22.jpg,,,
427_30.jpg,,,
427_31.jpg,,,
427_32.jpg,,,
428_00.jpg,,,
428_01.jpg,,,
428_02.jpg,,,
428_10.jpg,,,
428_11.jpg,,,
428_12.jpg,,,
428_20.jpg,,,
428_21.jpg,,,
428_22.jpg,,,
428_30.jpg,,,
428_31.jpg,,,
428_32.jpg,,,
429_00.jpg,,,
429_01.jpg,,,
429_02.jpg,,,
429_10.jpg,,,
429_11.jpg,,,
429_12.jpg,,,
429_20.jpg,,,
429_21.jpg,,,
429_22.jpg,,,
429_30.jpg,,,
429_31.jpg,,,
429_32.jpg,,,
42_00.jpg,,,
42_01.jpg,,,
42_02.jpg,,,
42_10.jpg,,,
42_11.jpg,,,
42_12.jpg,,,
42_20.jpg,,,
42_21.jpg,,,
42_22.jpg,,,
42_30.jpg,,,
42_31.jpg,,,
42_32.jpg,,,
430_00.jpg,,,
430_01.jpg,,,
430_02.jpg,,,
430_10.jpg,,,
430_11.jpg,,,
430_12.jpg,,,
430_20.jpg,,,
430_21.jpg,,,
430_22.jpg,,,
430_30.jpg,,,
430_31.jpg,,,
430_32.jpg,,,
431_00.jpg,,,
431_01.jpg,,,
431_02.jpg,,,
431_10.jpg,,,
431_11.jpg,,,
431_12.jpg,,,
431_20.jpg,,,
431_21.jpg,,,
431_22.jpg,,,
431_30.jpg,,,
431_31.jpg,,,
431_32.jpg,,,
432_00.jpg,,,
432_01.jpg,,,
432_02.jpg,,,
432_10.jpg,,,
432_11.jpg,,,
432_12.jpg,,,
432_20.jpg,,,
432_21.jpg,,,
432_22.jpg,,,
432_30.jpg,,,
432_31.jpg,,,
432_32.jpg,,,
433_00.jpg,,,
433_01.jpg,,,
433_02.jpg,,,
433_10.jpg,,,
433_11.jpg,,,
433_12.jpg,,,
433_20.jpg,,,
433_21.jpg,,,
433_22.jpg,,,
433_30.jpg,,,
433_31.jpg,,,
433_32.jpg,,,
434_00.jpg,,,
434_01.jpg,,,
434_02.jpg,,,
434_10.jpg,,,
434_11.jpg,,,
434_12.jpg,,,
434_20.jpg,,,
434_21.jpg,,,
434_22.jpg,,,
434_30.jpg,,,
434_31.jpg,,,
434_32.jpg,,,
435_00.jpg,,,
435_01.jpg,,,
435_02.jpg,,,
435_10.jpg,,,
435_11.jpg,,,
435_12.jpg,,,
435_20.jpg,,,
435_21.jpg,,,
435_22.jpg,,,
435_30.jpg,,,
435_31.jpg,,,
435_32.jpg,,,
436_00.jpg,,,
436_01.jpg,,,
436_02.jpg,,,
436_10.jpg,,,
436_11.jpg,,,
436_12.jpg,,,
436_20.jpg,,,
436_21.jpg,,,
436_22.jpg,,,
436_30.jpg,,,
436_31.jpg,,,
436_32.jpg,,,
437_00.jpg,,,
437_01.jpg,,,
437_02.jpg,,,
437_10.jpg,,,
437_11.jpg,,,
437_12.jpg,,,
437_20.jpg,,,
437_21.jpg,,,
437_22.jpg,,,
437_30.jpg,,,
437_31.jpg,,,
437_32.jpg,,,
438_00.jpg,,,
438_01.jpg,,,
438_02.jpg,,,
438_10.jpg,,,
438_11.jpg,,,
438_12.jpg,,,
438_20.jpg,,,
438_21.jpg,,,
438_22.jpg,,,
438_30.jpg,,,
438_31.jpg,,,
438_32.jpg,,,
439_00.jpg,,,
439_01.jpg,,,
439_02.jpg,,,
439_10.jpg,,,
439_11.jpg,,,
439_12.jpg,,,
439_20.jpg,,,
439_21.jpg,,,
439_22.jpg,,,
439_30.jpg,,,
439_31.jpg,,,
439_32.jpg,,,
43_00.jpg,,,
43_01.jpg,,,
43_02.jpg,,,
43_10.jpg,,,
43_11.jpg,,,
43_12.jpg,,,
43_20.jpg,,,
43_21.jpg,,,
43_22.jpg,,,
43_30.jpg,,,
43_31.jpg,,,
43_32.jpg,,,
440_00.jpg,,,
440_01.jpg,,,
440_02.jpg,,,
440_10.jpg,,,
440_11.jpg,,,
440_12.jpg,,,
440_20.jpg,,,
440_21.jpg,,,
440_22.jpg,,,
440_30.jpg,,,
440_31.jpg,,,
440_32.jpg,,,
441_00.jpg,,,
441_01.jpg,,,
441_02.jpg,,,
441_10.jpg,,,
441_11.jpg,,,
441_12.jpg,,,
441_20.jpg,,,
441_21.jpg,,,
441_22.jpg,,,
441_30.jpg,,,
441_31.jpg,,,
441_32.jpg,,,
442_00.jpg,,,
442_01.jpg,,,
442_02.jpg,,,
442_10.jpg,,,
442_11.jpg,,,
442_12.jpg,,,
442_20.jpg,,,
442_21.jpg,,,
442_22.jpg,,,
442_30.jpg,,,
442_31.jpg,,,
442_32.jpg,,,
443_00.jpg,,,
443_01.jpg,,,
443_02.jpg,,,
443_10.jpg,,,
443_11.jpg,,,
443_12.jpg,,,
443_20.jpg,,,
443_21.jpg,,,
443_22.jpg,,,
443_30.jpg,,,
443_31.jpg,,,
443_32.jpg,,,
444_00.jpg,,,
444_01.jpg,,,
444_02.jpg,,,
444_10.jpg,,,
444_11.jpg,,,
444_12.jpg,,,
444_20.jpg,,,
444_21.jpg,,,
444_22.jpg,,,
444_30.jpg,,,
444_31.jpg,,,
444_32.jpg,,,
445_00.jpg,,,
445_01.jpg,,,
445_02.jpg,,,
445_10.jpg,,,
445_11.jpg,,,
445_12.jpg,,,
445_20.jpg,,,
445_21.jpg,,,
445_22.jpg,,,
445_30.jpg,,,
445_31.jpg,,,
445_32.jpg,,,
446_00.jpg,,,
446_01.jpg,,,
446_02.jpg,,,
446_10.jpg,,,
446_11.jpg,,,
446_12.jpg,,,
446_20.jpg,,,
446_21.jpg,,,
446_22.jpg,,,
446_30.jpg,,,
446_31.jpg,,,
446_32.jpg,,,
447_00.jpg,,,
447_01.jpg,,,
447_02.jpg,,,
447_10.jpg,,,
447_11.jpg,,,
447_12.jpg,,,
447_20.jpg,,,
447_21.jpg,,,
447_22.jpg,,,
447_30.jpg,,,
447_31.jpg,,,
447_32.jpg,,,
448_00.jpg,,,
448_01.jpg,,,
448_02.jpg,,,
448_10.jpg,,,
448_11.jpg,,,
448_12.jpg,,,
448_20.jpg,,,
448_21.jpg,,,
448_22.jpg,,,
448_30.jpg,,,
448_31.jpg,,,
448_32.jpg,,,
449_00.jpg,,,
449_01.jpg,,,
449_02.jpg,,,
449_10.jpg,,,
449_11.jpg,,,
449_12.jpg,,,
449_20.jpg,,,
449_21.jpg,,,
449_22.jpg,,,
449_30.jpg,,,
449_31.jpg,,,
449_32.jpg,,,
44_00.jpg,,,
44_01.jpg,,,
44_02.jpg,,,
44_10.jpg,,,
44_11.jpg,,,
44_12.jpg,,,
44_20.jpg,,,
44_21.jpg,,,
44_22.jpg,,,
44_30.jpg,,,
44_31.jpg,,,
44_32.jpg,,,
450_00.jpg,,,
450_01.jpg,,,
450_02.jpg,,,
450_10.jpg,,,
450_11.jpg,,,
450_12.jpg,,,
450_20.jpg,,,
450_21.jpg,,,
450_22.jpg,,,
450_30.jpg,,,
450_31.jpg,,,
450_32.jpg,,,
451_00.jpg,,,
451_01.jpg,,,
451_02.jpg,,,
451_10.jpg,,,
451_11.jpg,,,
451_12.jpg,,,
451_20.jpg,,,
451_21.jpg,,,
451_22.jpg,,,
451_30.jpg,,,
451_31.jpg,,,
451_32.jpg,,,
452_00.jpg,,,
452_01.jpg,,,
452_02.jpg,,,
452_10.jpg,,,
452_11.jpg,,,
452_12.jpg,,,
452_20.jpg,,,
452_21.jpg,,,
452_22.jpg,,,
452_30.jpg,,,
452_31.jpg,,,
452_32.jpg,,,
453_00.jpg,,,
453_01.jpg,,,
453_02.jpg,,,
453_10.jpg,,,
453_11.jpg,,,
453_12.jpg,,,
453_20.jpg,,,
453_21.jpg,,,
453_22.jpg,,,
453_30.jpg,,,
453_31.jpg,,,
453_32.jpg,,,
454_00.jpg,,,
454_01.jpg,,,
454_02.jpg,,,
454_10.jpg,,,
454_11.jpg,,,
454_12.jpg,,,
454_20.jpg,,,
454_21.jpg,,,
454_22.jpg,,,
454_30.jpg,,,
454_31.jpg,,,
454_32.jpg,,,
455_00.jpg,,,
455_01.jpg,,,
455_02.jpg,,,
455_10.jpg,,,
455_11.jpg,,,
455_12.jpg,,,
455_20.jpg,,,
455_21.jpg,,,
455_22.jpg,,,
455_30.jpg,,,
455_31.jpg,,,
455_32.jpg,,,
456_00.jpg,,,
456_01.jpg,,,
456_02.jpg,,,
456_10.jpg,,,
456_11.jpg,,,
456_12.jpg,,,
456_20.jpg,,,
456_21.jpg,,,
456_22.jpg,,,
456_30.jpg,,,
456_31.jpg,,,
456_32.jpg,,,
457_00.jpg,,,
457_01.jpg,,,
457_02.jpg,,,
457_10.jpg,,,
457_11.jpg,,,
457_12.jpg,,,
457_20.jpg,,,
457_21.jpg,,,
457_22.jpg,,,
457_30.jpg,,,
457_31.jpg,,,
457_32.jpg,,,
458_00.jpg,,,
458_01.jpg,,,
458_02.jpg,,,
458_10.jpg,,,
458_11.jpg,,,
458_12.jpg,,,
458_20.jpg,,,
458_21.jpg,,,
458_22.jpg,,,
458_30.jpg,,,
458_31.jpg,,,
458_32.jpg,,,
459_00.jpg,,,
459_01.jpg,,,
459_02.jpg,,,
459_10.jpg,,,
459_11.jpg,,,
459_12.jpg,,,
459_20.jpg,,,
459_21.jpg,,,
459_22.jpg,,,
459_30.jpg,,,
459_31.jpg,,,
459_32.jpg,,,
45_00.jpg,,,
45_01.jpg,,,
45_02.jpg,,,
45_10.jpg,,,
45_11.jpg,,,
45_12.jpg,,,
45_20.jpg,,,
45_21.jpg,,,
45_22.jpg,,,
45_30.jpg,,,
45_31.jpg,,,
45_32.jpg,,,
460_00.jpg,,,
460_01.jpg,,,
460_02.jpg,,,
460_10.jpg,,,
460_11.jpg,,,
460_12.jpg,,,
460_20.jpg,,,
460_21.jpg,,,
460_22.jpg,,,
460_30.jpg,,,
460_31.jpg,,,
460_32.jpg,,,
461_00.jpg,,,
461_01.jpg,,,
461_02.jpg,,,
461_10.jpg,,,
461_11.jpg,,,
461_12.jpg,,,
461_20.jpg,,,
461_21.jpg,,,
461_22.jpg,,,
461_30.jpg,,,
461_31.jpg,,,
461_32.jpg,,,
462_00.jpg,,,
462_01.jpg,,,
462_02.jpg,,,
462_10.jpg,,,
462_11.jpg,,,
462_12.jpg,,,
462_20.jpg,,,
462_21.jpg,,,
462_22.jpg,,,
462_30.jpg,,,
462_31.jpg,,,
462_32.jpg,,,
463_00.jpg,,,
463_01.jpg,,,
463_02.jpg,,,
463_10.jpg,,,
463_11.jpg,,,
463_12.jpg,,,
463_20.jpg,,,
463_21.jpg,,,
463_22.jpg,,,
463_30.jpg,,,
463_31.jpg,,,
463_32.jpg,,,
464_00.jpg,,,
464_01.jpg,,,
464_02.jpg,,,
464_10.jpg,,,
464_11.jpg,,,
464_12.jpg,,,
464_20.jpg,,,
464_21.jpg,,,
464_22.jpg,,,
464_30.jpg,,,
464_31.jpg,,,
464_32.jpg,,,
465_00.jpg,,,
465_01.jpg,,,
465_02.jpg,,,
465_10.jpg,,,
465_11.jpg,,,
465_12.jpg,,,
465_20.jpg,,,
465_21.jpg,,,
465_22.jpg,,,
465_30.jpg,,,
465_31.jpg,,,
465_32.jpg,,,
466_00.jpg,,,
466_01.jpg,,,
466_02.jpg,,,
466_10.jpg,,,
466_11.jpg,,,
466_12.jpg,,,
466_20.jpg,,,
466_21.jpg,,,
466_22.jpg,,,
466_30.jpg,,,
466_31.jpg,,,
466_32.jpg,,,
467_00.jpg,,,
467_01.jpg,,,
467_02.jpg,,,
467_10.jpg,,,
467_11.jpg,,,
467_12.jpg,,,
467_20.jpg,,,
467_21.jpg,,,
467_22.jpg,,,
467_30.jpg,,,
467_31.jpg,,,
467_32.jpg,,,
468_00.jpg,,,
468_01.jpg,,,
468_02.jpg,,,
468_10.jpg,,,
468_11.jpg,,,
468_12.jpg,,,
468_20.jpg,,,
468_21.jpg,,,
468_22.jpg,,,
468_30.jpg,,,
468_31.jpg,,,
468_32.jpg,,,
469_00.jpg,,,
469_01.jpg,,,
469_02.jpg,,,
469_10.jpg,,,
469_11.jpg,,,
469_12.jpg,,,
469_20.jpg,,,
469_21.jpg,,,
469_22.jpg,,,
469_30.jpg,,,
469_31.jpg,,,
469_32.jpg,,,
46_00.jpg,,,
46_01.jpg,,,
46_02.jpg,,,
46_10.jpg,,,
46_11.jpg,,,
46_12.jpg,,,
46_20.jpg,,,
46_21.jpg,,,
46_22.jpg,,,
46_30.jpg,,,
46_31.jpg,,,
46_32.jpg,,,
470_00.jpg,,,
470_01.jpg,,,
470_02.jpg,,,
470_10.jpg,,,
470_11.jpg,,,
470_12.jpg,,,
470_20.jpg,,,
470_21.jpg,,,
470_22.jpg,,,
470_30.jpg,,,
470_31.jpg,,,
470_32.jpg,,,
471_00.jpg,,,
471_01.jpg,,,
471_02.jpg,,,
471_10.jpg,,,
471_11.jpg,,,
471_12.jpg,,,
471_20.jpg,,,
471_21.jpg,,,
471_22.jpg,,,
471_30.jpg,,,
471_31.jpg,,,
471_32.jpg,,,
472_00.jpg,,,
472_01.jpg,,,
472_02.jpg,,,
472_10.jpg,,,
472_11.jpg,,,
472_12.jpg,,,
472_20.jpg,,,
472_21.jpg,,,
472_22.jpg,,,
472_30.jpg,,,
472_31.jpg,,,
472_32.jpg,,,
473_00.jpg,,,
473_01.jpg,,,
473_02.jpg,,,
473_10.jpg,,,
473_11.jpg,,,
473_12.jpg,,,
473_20.jpg,,,
473_21.jpg,,,
473_22.jpg,,,
473_30.jpg,,,
473_31.jpg,,,
473_32.jpg,,,
474_00.jpg,,,
474_01.jpg,,,
474_02.jpg,,,
474_10.jpg,,,
474_11.jpg,,,
474_12.jpg,,,
474_20.jpg,,,
474_21.jpg,,,
474_22.jpg,,,
474_30.jpg,,,
474_31.jpg,,,
474_32.jpg,,,
475_00.jpg,,,
475_01.jpg,,,
475_02.jpg,,,
475_10.jpg,,,
475_11.jpg,,,
475_12.jpg,,,
475_20.jpg,,,
475_21.jpg,,,
475_22.jpg,,,
475_30.jpg,,,
475_31.jpg,,,
475_32.jpg,,,
476_00.jpg,,,
476_01.jpg,,,
476_02.jpg,,,
476_10.jpg,,,
476_11.jpg,,,
476_12.jpg,,,
476_20.jpg,,,
476_21.jpg,,,
476_22.jpg,,,
476_30.jpg,,,
476_31.jpg,,,
476_32.jpg,,,
477_00.jpg,,,
477_01.jpg,,,
477_02.jpg,,,
477_10.jpg,,,
477_11.jpg,,,
477_12.jpg,,,
477_20.jpg,,,
477_21.jpg,,,
477_22.jpg,,,
477_30.jpg,,,
477_31.jpg,,,
477_32.jpg,,,
478_00.jpg,,,
478_01.jpg,,,
478_02.jpg,,,
478_10.jpg,,,
478_11.jpg,,,
478_12.jpg,,,
478_20.jpg,,,
478_21.jpg,,,
478_22.jpg,,,
478_30.jpg,,,
478_31.jpg,,,
478_32.jpg,,,
479_00.jpg,,,
479_01.jpg,,,
479_02.jpg,,,
479_10.jpg,,,
479_11.jpg,,,
479_12.jpg,,,
479_20.jpg,,,
479_21.jpg,,,
479_22.jpg,,,
479_30.jpg,,,
479_31.jpg,,,
479_32.jpg,,,
47_00.jpg,,,
47_01.jpg,,,
47_02.jpg,,,
47_10.jpg,,,
47_11.jpg,,,
47_12.jpg,,,
47_20.jpg,,,
47_21.jpg,,,
47_22.jpg,,,
47_30.jpg,,,
47_31.jpg,,,
47_32.jpg,,,
480_00.jpg,,,
480_01.jpg,,,
480_02.jpg,,,
480_10.jpg,,,
480_11.jpg,,,
480_12.jpg,,,
480_20.jpg,,,
480_21.jpg,,,
480_22.jpg,,,
480_30.jpg,,,
480_31.jpg,,,
480_32.jpg,,,
481_00.jpg,,,
481_01.jpg,,,
481_02.jpg,,,
481_10.jpg,,,
481_11.jpg,,,
481_12.jpg,,,
481_20.jpg,,,
481_21.jpg,,,
481_22.jpg,,,
481_30.jpg,,,
481_31.jpg,,,
481_32.jpg,,,
482_00.jpg,,,
482_01.jpg,,,
482_02.jpg,,,
482_10.jpg,,,
482_11.jpg,,,
482_12.jpg,,,
482_20.jpg,,,
482_21.jpg,,,
482_22.jpg,,,
482_30.jpg,,,
482_31.jpg,,,
482_32.jpg,,,
483_00.jpg,,,
483_01.jpg,,,
483_02.jpg,,,
483_10.jpg,,,
483_11.jpg,,,
483_12.jpg,,,
483_20.jpg,,,
483_21.jpg,,,
483_22.jpg,,,
483_30.jpg,,,
483_31.jpg,,,
483_32.jpg,,,
484_00.jpg,,,
484_01.jpg,,,
484_02.jpg,,,
484_10.jpg,,,
484_11.jpg,,,
484_12.jpg,,,
484_20.jpg,,,
484_21.jpg,,,
484_22.jpg,,,
484_30.jpg,,,
484_31.jpg,,,
484_32.jpg,,,
485_00.jpg,,,
485_01.jpg,,,
485_02.jpg,,,
485_10.jpg,,,
485_11.jpg,,,
485_12.jpg,,,
485_20.jpg,,,
485_21.jpg,,,
485_22.jpg,,,
485_30.jpg,,,
485_31.jpg,,,
485_32.jpg,,,
486_00.jpg,,,
486_01.jpg,,,
486_02.jpg,,,
486_10.jpg,,,
486_11.jpg,,,
486_12.jpg,,,
486_20.jpg,,,
486_21.jpg,,,
486_22.jpg,,,
486_30.jpg,,,
486_31.jpg,,,
486_32.jpg,,,
487_00.jpg,,,
487_01.jpg,,,
487_02.jpg,,,
487_10.jpg,,,
487_11.jpg,,,
487_12.jpg,,,
487_20.jpg,,,
487_21.jpg,,,
487_22.jpg,,,
487_30.jpg,,,
487_31.jpg,,,
487_32.jpg,,,
488_00.jpg,,,
488_01.jpg,,,
488_02.jpg,,,
488_10.jpg,,,
488_11.jpg,,,
488_12.jpg,,,
488_20.jpg,,,
488_21.jpg,,,
488_22.jpg,,,
488_30.jpg,,,
488_31.jpg,,,
488_32.jpg,,,
489_00.jpg,,,
489_01.jpg,,,
489_02.jpg,,,
489_10.jpg,,,
489_11.jpg,,,
489_12.jpg,,,
489_20.jpg,,,
489_21.jpg,,,
489_22.jpg,,,
489_30.jpg,,,
489_31.jpg,,,
489_32.jpg,,,
48_00.jpg,,,
48_01.jpg,,,
48_02.jpg,,,
48_10.jpg,,,
48_11.jpg,,,
48_12.jpg,,,
48_20.jpg,,,
48_21.jpg,,,
48_22.jpg,,,
48_30.jpg,,,
48_31.jpg,,,
48_32.jpg,,,
490_00.jpg,,,
490_01.jpg,,,
490_02.jpg,,,
490_10.jpg,,,
490_11.jpg,,,
490_12.jpg,,,
490_20.jpg,,,
490_21.jpg,,,
490_22.jpg,,,
490_30.jpg,,,
490_31.jpg,,,
490_32.jpg,,,
491_00.jpg,,,
491_01.jpg,,,
491_02.jpg,,,
491_10.jpg,,,
491_11.jpg,,,
491_12.jpg,,,
491_20.jpg,,,
491_21.jpg,,,
491_22.jpg,,,
491_30.jpg,,,
491_31.jpg,,,
491_32.jpg,,,
492_00.jpg,,,
492_01.jpg,,,
492_02.jpg,,,
492_10.jpg,,,
492_11.jpg,,,
492_12.jpg,,,
492_20.jpg,,,
492_21.jpg,,,
492_22.jpg,,,
492_30.jpg,,,
492_31.jpg,,,
492_32.jpg,,,
493_00.jpg,,,
493_01.jpg,,,
493_02.jpg,,,
493_10.jpg,,,
493_11.jpg,,,
493_12.jpg,,,
493_20.jpg,,,
493_21.jpg,,,
493_22.jpg,,,
493_30.jpg,,,
493_31.jpg,,,
493_32.jpg,,,
494_00.jpg,,,
494_01.jpg,,,
494_02.jpg,,,
494_10.jpg,,,
494_11.jpg,,,
494_12.jpg,,,
494_20.jpg,,,
494_21.jpg,,,
494_22.jpg,,,
494_30.jpg,,,
494_31.jpg,,,
494_32.jpg,,,
495_00.jpg,,,
495_01.jpg,,,
495_02.jpg,,,
495_10.jpg,,,
495_11.jpg,,,
495_12.jpg,,,
495_20.jpg,,,
495_21.jpg,,,
495_22.jpg,,,
495_30.jpg,,,
495_31.jpg,,,
495_32.jpg,,,
496_00.jpg,,,
496_01.jpg,,,
496_02.jpg,,,
496_10.jpg,,,
496_11.jpg,,,
496_12.jpg,,,
496_20.jpg,,,
496_21.jpg,,,
496_22.jpg,,,
496_30.jpg,,,
496_31.jpg,,,
496_32.jpg,,,
497_00.jpg,,,
497_01.jpg,,,
497_02.jpg,,,
497_10.jpg,,,
497_11.jpg,,,
497_12.jpg,,,
497_20.jpg,,,
497_21.jpg,,,
497_22.jpg,,,
497_30.jpg,,,
497_31.jpg,,,
497_32.jpg,,,
498_00.jpg,,,
498_01.jpg,,,
498_02.jpg,,,
498_10.jpg,,,
498_11.jpg,,,
498_12.jpg,,,
498_20.jpg,,,
498_21.jpg,,,
498_22.jpg,,,
498_30.jpg,,,
498_31.jpg,,,
498_32.jpg,,,
499_00.jpg,,,
499_01.jpg,,,
499_02.jpg,,,
499_10.jpg,,,
499_11.jpg,,,
499_12.jpg,,,
499_20.jpg,,,
499_21.jpg,,,
499_22.jpg,,,
499_30.jpg,,,
499_31.jpg,,,
499_32.jpg,,,
49_00.jpg,,,
49_01.jpg,,,
49_02.jpg,,,
49_10.jpg,,,
49_11.jpg,,,
49_12.jpg,,,
49_20.jpg,,,
49_21.jpg,,,
49_22.jpg,,,
49_30.jpg,,,
49_31.jpg,,,
49_32.jpg,,,
4_00.jpg,,,
4_01.jpg,,,
4_02.jpg,,,
4_10.jpg,,,
4_11.jpg,,,
4_12.jpg,,,
4_20.jpg,,,
4_21.jpg,,,
4_22.jpg,,,
4_30.jpg,,,
4_31.jpg,,,
4_32.jpg,,,
500_00.jpg,,,
500_01.jpg,,,
500_02.jpg,,,
500_10.jpg,,,
500_11.jpg,,,
500_12.jpg,,,
500_20.jpg,,,
500_21.jpg,,,
500_22.jpg,,,
500_30.jpg,,,
500_31.jpg,,,
500_32.jpg,,,
501_00.jpg,,,
501_01.jpg,,,
501_02.jpg,,,
501_10.jpg,,,
501_11.jpg,,,
501_12.jpg,,,
501_20.jpg,,,
501_21.jpg,,,
501_22.jpg,,,
501_30.jpg,,,
501_31.jpg,,,
501_32.jpg,,,
502_00.jpg,,,
502_01.jpg,,,
502_02.jpg,,,
502_10.jpg,,,
502_11.jpg,,,
502_12.jpg,,,
502_20.jpg,,,
502_21.jpg,,,
502_22.jpg,,,
502_30.jpg,,,
502_31.jpg,,,
502_32.jpg,,,
503_00.jpg,,,
503_01.jpg,,,
503_02.jpg,,,
503_10.jpg,,,
503_11.jpg,,,
503_12.jpg,,,
503_20.jpg,,,
503_21.jpg,,,
503_22.jpg,,,
503_30.jpg,,,
503_31.jpg,,,
503_32.jpg,,,
504_00.jpg,,,
504_01.jpg,,,
504_02.jpg,,,
504_10.jpg,,,
504_11.jpg,,,
504_12.jpg,,,
504_20.jpg,,,
504_21.jpg,,,
504_22.jpg,,,
504_30.jpg,,,
504_31.jpg,,,
504_32.jpg,,,
505_00.jpg,,,
505_01.jpg,,,
505_02.jpg,,,
505_10.jpg,,,
505_11.jpg,,,
505_12.jpg,,,
505_20.jpg,,,
505_21.jpg,,,
505_22.jpg,,,
505_30.jpg,,,
505_31.jpg,,,
505_32.jpg,,,
506_00.jpg,,,
506_01.jpg,,,
506_02.jpg,,,
506_10.jpg,,,
506_11.jpg,,,
506_12.jpg,,,
506_20.jpg,,,
506_21.jpg,,,
506_22.jpg,,,
506_30.jpg,,,
506_31.jpg,,,
506_32.jpg,,,
507_00.jpg,,,
507_01.jpg,,,
507_02.jpg,,,
507_10.jpg,,,
507_11.jpg,,,
507_12.jpg,,,
507_20.jpg,,,
507_21.jpg,,,
507_22.jpg,,,
507_30.jpg,,,
507_31.jpg,,,
507_32.jpg,,,
508_00.jpg,,,
508_01.jpg,,,
508_02.jpg,,,
508_10.jpg,,,
508_11.jpg,,,
508_12.jpg,,,
508_20.jpg,,,
508_21.jpg,,,
508_22.jpg,,,
508_30.jpg,,,
508_31.jpg,,,
508_32.jpg,,,
509_00.jpg,,,
509_01.jpg,,,
509_02.jpg,,,
509_10.jpg,,,
509_11.jpg,,,
509_12.jpg,,,
509_20.jpg,,,
509_21.jpg,,,
509_22.jpg,,,
509_30.jpg,,,
509_31.jpg,,,
509_32.jpg,,,
50_00.jpg,,,
50_01.jpg,,,
50_02.jpg,,,
50_10.jpg,,,
50_11.jpg,,,
50_12.jpg,,,
50_20.jpg,,,
50_21.jpg,,,
50_22.jpg,,,
50_30.jpg,,,
50_31.jpg,,,
50_32.jpg,,,
510_00.jpg,,,
510_01.jpg,,,
510_02.jpg,,,
510_10.jpg,,,
510_11.jpg,,,
510_12.jpg,,,
510_20.jpg,,,
510_21.jpg,,,
510_22.jpg,,,
510_30.jpg,,,
510_31.jpg,,,
510_32.jpg,,,
511_00.jpg,,,
511_01.jpg,,,
511_02.jpg,,,
511_10.jpg,,,
511_11.jpg,,,
511_12.jpg,,,
511_20.jpg,,,
511_21.jpg,,,
511_22.jpg,,,
511_30.jpg,,,
511_31.jpg,,,
511_32.jpg,,,
512_00.jpg,,,
512_01.jpg,,,
512_02.jpg,,,
512_10.jpg,,,
512_11.jpg,,,
512_12.jpg,,,
512_20.jpg,,,
512_21.jpg,,,
512_22.jpg,,,
512_30.jpg,,,
512_31.jpg,,,
512_32.jpg,,,
513_00.jpg,,,
513_01.jpg,,,
513_02.jpg,,,
513_10.jpg,,,
513_11.jpg,,,
513_12.jpg,,,
513_20.jpg,,,
513_21.jpg,,,
513_22.jpg,,,
513_30.jpg,,,
513_31.jpg,,,
513_32.jpg,,,
514_00.jpg,,,
514_01.jpg,,,
514_02.jpg,,,
514_10.jpg,,,
514_11.jpg,,,
514_12.jpg,,,
514_20.jpg,,,
514_21.jpg,,,
514_22.jpg,,,
514_30.jpg,,,
514_31.jpg,,,
514_32.jpg,,,
515_00.jpg,,,
515_01.jpg,,,
515_02.jpg,,,
515_10.jpg,,,
515_11.jpg,,,
515_12.jpg,,,
515_20.jpg,,,
515_21.jpg,,,
515_22.jpg,,,
515_30.jpg,,,
515_31.jpg,,,
515_32.jpg,,,
516_00.jpg,,,
516_01.jpg,,,
516_02.jpg,,,
516_10.jpg,,,
516_11.jpg,,,
516_12.jpg,,,
516_20.jpg,,,
516_21.jpg,,,
516_22.jpg,,,
516_30.jpg,,,
516_31.jpg,,,
516_32.jpg,,,
517_00.jpg,,,
517_01.jpg,,,
517_02.jpg,,,
517_10.jpg,,,
517_11.jpg,,,
517_12.jpg,,,
517_20.jpg,,,
517_21.jpg,,,
517_22.jpg,,,
517_30.jpg,,,
517_31.jpg,,,
517_32.jpg,,,
518_00.jpg,,,
518_01.jpg,,,
518_02.jpg,,,
518_10.jpg,,,
518_11.jpg,,,
518_12.jpg,,,
518_20.jpg,,,
518_21.jpg,,,
518_22.jpg,,,
518_30.jpg,,,
518_31.jpg,,,
518_32.jpg,,,
519_00.jpg,,,
519_01.jpg,,,
519_02.jpg,,,
519_10.jpg,,,
519_11.jpg,,,
519_12.jpg,,,
519_20.jpg,,,
519_21.jpg,,,
519_22.jpg,,,
519_30.jpg,,,
519_31.jpg,,,
519_32.jpg,,,
51_00.jpg,,,
51_01.jpg,,,
51_02.jpg,,,
51_10.jpg,,,
51_11.jpg,,,
51_12.jpg,,,
51_20.jpg,,,
51_21.jpg,,,
51_22.jpg,,,
51_30.jpg,,,
51_31.jpg,,,
51_32.jpg,,,
520_00.jpg,,,
520_01.jpg,,,
520_02.jpg,,,
520_10.jpg,,,
520_11.jpg,,,
520_12.jpg,,,
520_20.jpg,,,
520_21.jpg,,,
520_22.jpg,,,
520_30.jpg,,,
520_31.jpg,,,
520_32.jpg,,,
521_00.jpg,,,
521_01.jpg,,,
521_02.jpg,,,
521_10.jpg,,,
521_11.jpg,,,
521_12.jpg,,,
521_20.jpg,,,
521_21.jpg,,,
521_22.jpg,,,
521_30.jpg,,,
521_31.jpg,,,
521_32.jpg,,,
522_00.jpg,,,
522_01.jpg,,,
522_02.jpg,,,
522_10.jpg,,,
522_11.jpg,,,
522_12.jpg,,,
522_20.jpg,,,
522_21.jpg,,,
522_22.jpg,,,
522_30.jpg,,,
522_31.jpg,,,
522_32.jpg,,,
523_00.jpg,,,
523_01.jpg,,,
523_02.jpg,,,
523_10.jpg,,,
523_11.jpg,,,
523_12.jpg,,,
523_20.jpg,,,
523_21.jpg,,,
523_22.jpg,,,
523_30.jpg,,,
523_31.jpg,,,
523_32.jpg,,,
524_00.jpg,,,
524_01.jpg,,,
524_02.jpg,,,
524_10.jpg,,,
524_11.jpg,,,
524_12.jpg,,,
524_20.jpg,,,
524_21.jpg,,,
524_22.jpg,,,
524_30.jpg,,,
524_31.jpg,,,
524_32.jpg,,,
525_00.jpg,,,
525_01.jpg,,,
525_02.jpg,,,
525_10.jpg,,,
525_11.jpg,,,
525_12.jpg,,,
525_20.jpg,,,
525_21.jpg,,,
525_22.jpg,,,
525_30.jpg,,,
525_31.jpg,,,
525_32.jpg,,,
526_00.jpg,,,
526_01.jpg,,,
526_02.jpg,,,
526_10.jpg,,,
526_11.jpg,,,
526_12.jpg,,,
526_20.jpg,,,
526_21.jpg,,,
526_22.jpg,,,
526_30.jpg,,,
526_31.jpg,,,
526_32.jpg,,,
527_00.jpg,,,
527_01.jpg,,,
527_02.jpg,,,
527_10.jpg,,,
527_11.jpg,,,
527_12.jpg,,,
527_20.jpg,,,
527_21.jpg,,,
527_22.jpg,,,
527_30.jpg,,,
527_31.jpg,,,
527_32.jpg,,,
528_00.jpg,,,
528_01.jpg,,,
528_02.jpg,,,
528_10.jpg,,,
528_11.jpg,,,
528_12.jpg,,,
528_20.jpg,,,
528_21.jpg,,,
528_22.jpg,,,
528_30.jpg,,,
528_31.jpg,,,
528_32.jpg,,,
529_00.jpg,,,
529_01.jpg,,,
529_02.jpg,,,
529_10.jpg,,,
529_11.jpg,,,
529_12.jpg,,,
529_20.jpg,,,
529_21.jpg,,,
529_22.jpg,,,
529_30.jpg,,,
529_31.jpg,,,
529_32.jpg,,,
52_00.jpg,,,
52_01.jpg,,,
52_02.jpg,,,
52_10.jpg,,,
52_11.jpg,,,
52_12.jpg,,,
52_20.jpg,,,
52_21.jpg,,,
52_22.jpg,,,
52_30.jpg,,,
52_31.jpg,,,
52_32.jpg,,,
530_00.jpg,,,
530_01.jpg,,,
530_02.jpg,,,
530_10.jpg,,,
530_11.jpg,,,
530_12.jpg,,,
530_20.jpg,,,
530_21.jpg,,,
530_22.jpg,,,
530_30.jpg,,,
530_31.jpg,,,
530_32.jpg,,,
531_00.jpg,,,
531_01.jpg,,,
531_02.jpg,,,
531_10.jpg,,,
531_11.jpg,,,
531_12.jpg,,,
531_20.jpg,,,
531_21.jpg,,,
531_22.jpg,,,
531_30.jpg,,,
531_31.jpg,,,
531_32.jpg,,,
532_00.jpg,,,
532_01.jpg,,,
532_02.jpg,,,
532_10.jpg,,,
532_11.jpg,,,
532_12.jpg,,,
532_20.jpg,,,
532_21.jpg,,,
532_22.jpg,,,
532_30.jpg,,,
532_31.jpg,,,
532_32.jpg,,,
533_00.jpg,,,
533_01.jpg,,,
533_02.jpg,,,
533_10.jpg,,,
533_11.jpg,,,
533_12.jpg,,,
533_20.jpg,,,
533_21.jpg,,,
533_22.jpg,,,
533_30.jpg,,,
533_31.jpg,,,
533_32.jpg,,,
534_00.jpg,,,
534_01.jpg,,,
534_02.jpg,,,
534_10.jpg,,,
534_11.jpg,,,
534_12.jpg,,,
534_20.jpg,,,
534_21.jpg,,,
534_22.jpg,,,
534_30.jpg,,,
534_31.jpg,,,
534_32.jpg,,,
535_00.jpg,,,
535_01.jpg,,,
535_02.jpg,,,
535_10.jpg,,,
535_11.jpg,,,
535_12.jpg,,,
535_20.jpg,,,
535_21.jpg,,,
535_22.jpg,,,
535_30.jpg,,,
535_31.jpg,,,
535_32.jpg,,,
536_00.jpg,,,
536_01.jpg,,,
536_02.jpg,,,
536_10.jpg,,,
536_11.jpg,,,
536_12.jpg,,,
536_20.jpg,,,
536_21.jpg,,,
536_22.jpg,,,
536_30.jpg,,,
536_31.jpg,,,
536_32.jpg,,,
537_00.jpg,,,
537_01.jpg,,,
537_02.jpg,,,
537_10.jpg,,,
537_11.jpg,,,
537_12.jpg,,,
537_20.jpg,,,
537_21.jpg,,,
537_22.jpg,,,
537_30.jpg,,,
537_31.jpg,,,
537_32.jpg,,,
538_00.jpg,,,
538_01.jpg,,,
538_02.jpg,,,
538_10.jpg,,,
538_11.jpg,,,
538_12.jpg,,,
538_20.jpg,,,
538_21.jpg,,,
538_22.jpg,,,
538_30.jpg,,,
538_31.jpg,,,
538_32.jpg,,,
539_00.jpg,,,
539_01.jpg,,,
539_02.jpg,,,
539_10.jpg,,,
539_11.jpg,,,
539_12.jpg,,,
539_20.jpg,,,
539_21.jpg,,,
539_22.jpg,,,
539_30.jpg,,,
539_31.jpg,,,
539_32.jpg,,,
53_00.jpg,,,
53_01.jpg,,,
53_02.jpg,,,
53_10.jpg,,,
53_11.jpg,,,
53_12.jpg,,,
53_20.jpg,,,
53_21.jpg,,,
53_22.jpg,,,
53_30.jpg,,,
53_31.jpg,,,
53_32.jpg,,,
540_00.jpg,,,
540_01.jpg,,,
540_02.jpg,,,
540_10.jpg,,,
540_11.jpg,,,
540_12.jpg,,,
540_20.jpg,,,
540_21.jpg,,,
540_22.jpg,,,
540_30.jpg,,,
540_31.jpg,,,
540_32.jpg,,,
541_00.jpg,,,
541_01.jpg,,,
541_02.jpg,,,
541_10.jpg,,,
541_11.jpg,,,
541_12.jpg,,,
541_20.jpg,,,
541_21.jpg,,,
541_22.jpg,,,
541_30.jpg,,,
541_31.jpg,,,
541_32.jpg,,,
542_00.jpg,,,
542_01.jpg,,,
542_02.jpg,,,
542_10.jpg,,,
542_11.jpg,,,
542_12.jpg,,,
542_20.jpg,,,
542_21.jpg,,,
542_22.jpg,,,
542_30.jpg,,,
542_31.jpg,,,
542_32.jpg,,,
543_00.jpg,,,
543_01.jpg,,,
543_02.jpg,,,
543_10.jpg,,,
543_11.jpg,,,
543_12.jpg,,,
543_20.jpg,,,
543_21.jpg,,,
543_22.jpg,,,
543_30.jpg,,,
543_31.jpg,,,
543_32.jpg,,,
544_00.jpg,,,
544_01.jpg,,,
544_02.jpg,,,
544_10.jpg,,,
544_11.jpg,,,
544_12.jpg,,,
544_20.jpg,,,
544_21.jpg,,,
544_22.jpg,,,
544_30.jpg,,,
544_31.jpg,,,
544_32.jpg,,,
545_00.jpg,,,
545_01.jpg,,,
545_02.jpg,,,
545_10.jpg,,,
545_11.jpg,,,
545_12.jpg,,,
545_20.jpg,,,
545_21.jpg,,,
545_22.jpg,,,
545_30.jpg,,,
545_31.jpg,,,
545_32.jpg,,,
546_00.jpg,,,
546_01.jpg,,,
546_02.jpg,,,
546_10.jpg,,,
546_11.jpg,,,
546_12.jpg,,,
546_20.jpg,,,
546_21.jpg,,,
546_22.jpg,,,
546_30.jpg,,,
546_31.jpg,,,
546_32.jpg,,,
547_00.jpg,,,
547_01.jpg,,,
547_02.jpg,,,
547_10.jpg,,,
547_11.jpg,,,
547_12.jpg,,,
547_20.jpg,,,
547_21.jpg,,,
547_22.jpg,,,
547_30.jpg,,,
547_31.jpg,,,
547_32.jpg,,,
548_00.jpg,,,
548_01.jpg,,,
548_02.jpg,,,
548_10.jpg,,,
548_11.jpg,,,
548_12.jpg,,,
548_20.jpg,,,
548_21.jpg,,,
548_22.jpg,,,
548_30.jpg,,,
548_31.jpg,,,
548_32.jpg,,,
549_00.jpg,,,
549_01.jpg,,,
549_02.jpg,,,
549_10.jpg,,,
549_11.jpg,,,
549_12.jpg,,,
549_20.jpg,,,
549_21.jpg,,,
549_22.jpg,,,
549_30.jpg,,,
549_31.jpg,,,
549_32.jpg,,,
54_00.jpg,,,
54_01.jpg,,,
54_02.jpg,,,
54_10.jpg,,,
54_11.jpg,,,
54_12.jpg,,,
54_20.jpg,,,
54_21.jpg,,,
54_22.jpg,,,
54_30.jpg,,,
54_31.jpg,,,
54_32.jpg,,,
550_00.jpg,,,
550_01.jpg,,,
550_02.jpg,,,
550_10.jpg,,,
550_11.jpg,,,
550_12.jpg,,,
550_20.jpg,,,
550_21.jpg,,,
550_22.jpg,,,
550_30.jpg,,,
550_31.jpg,,,
550_32.jpg,,,
551_00.jpg,,,
551_01.jpg,,,
551_02.jpg,,,
551_10.jpg,,,
551_11.jpg,,,
551_12.jpg,,,
551_20.jpg,,,
551_21.jpg,,,
551_22.jpg,,,
551_30.jpg,,,
551_31.jpg,,,
551_32.jpg,,,
552_00.jpg,,,
552_01.jpg,,,
552_02.jpg,,,
552_10.jpg,,,
552_11.jpg,,,
552_12.jpg,,,
552_20.jpg,,,
552_21.jpg,,,
552_22.jpg,,,
552_30.jpg,,,
552_31.jpg,,,
552_32.jpg,,,
553_00.jpg,,,
553_01.jpg,,,
553_02.jpg,,,
553_10.jpg,,,
553_11.jpg,,,
553_12.jpg,,,
553_20.jpg,,,
553_21.jpg,,,
553_22.jpg,,,
553_30.jpg,,,
553_31.jpg,,,
553_32.jpg,,,
554_00.jpg,,,
554_01.jpg,,,
554_02.jpg,,,
554_10.jpg,,,
554_11.jpg,,,
554_12.jpg,,,
554_20.jpg,,,
554_21.jpg,,,
554_22.jpg,,,
554_30.jpg,,,
554_31.jpg,,,
554_32.jpg,,,
555_00.jpg,,,
555_01.jpg,,,
555_02.jpg,,,
555_10.jpg,,,
555_11.jpg,,,
555_12.jpg,,,
555_20.jpg,,,
555_21.jpg,,,
555_22.jpg,,,
555_30.jpg,,,
555_31.jpg,,,
555_32.jpg,,,
556_00.jpg,,,
556_01.jpg,,,
556_02.jpg,,,
556_10.jpg,,,
556_11.jpg,,,
556_12.jpg,,,
556_20.jpg,,,
556_21.jpg,,,
556_22.jpg,,,
556_30.jpg,,,
556_31.jpg,,,
556_32.jpg,,,
557_00.jpg,,,
557_01.jpg,,,
557_02.jpg,,,
557_10.jpg,,,
557_11.jpg,,,
557_12.jpg,,,
557_20.jpg,,,
557_21.jpg,,,
557_22.jpg,,,
557_30.jpg,,,
557_31.jpg,,,
557_32.jpg,,,
558_00.jpg,,,
558_01.jpg,,,
558_02.jpg,,,
558_10.jpg,,,
558_11.jpg,,,
558_12.jpg,,,
558_20.jpg,,,
558_21.jpg,,,
558_22.jpg,,,
558_30.jpg,,,
558_31.jpg,,,
558_32.jpg,,,
559_00.jpg,,,
559_01.jpg,,,
559_02.jpg,,,
559_10.jpg,,,
559_11.jpg,,,
559_12.jpg,,,
559_20.jpg,,,
559_21.jpg,,,
559_22.jpg,,,
559_30.jpg,,,
559_31.jpg,,,
559_32.jpg,,,
55_00.jpg,,,
55_01.jpg,,,
55_02.jpg,,,
55_10.jpg,,,
55_11.jpg,,,
55_12.jpg,,,
55_20.jpg,,,
55_21.jpg,,,
55_22.jpg,,,
55_30.jpg,,,
55_31.jpg,,,
55_32.jpg,,,
560_00.jpg,,,
560_01.jpg,,,
560_02.jpg,,,
560_10.jpg,,,
560_11.jpg,,,
560_12.jpg,,,
560_20.jpg,,,
560_21.jpg,,,
560_22.jpg,,,
560_30.jpg,,,
560_31.jpg,,,
560_32.jpg,,,
561_00.jpg,,,
561_01.jpg,,,
561_02.jpg,,,
561_10.jpg,,,
561_11.jpg,,,
561_12.jpg,,,
561_20.jpg,,,
561_21.jpg,,,
561_22.jpg,,,
561_30.jpg,,,
561_31.jpg,,,
561_32.jpg,,,
562_00.jpg,,,
562_01.jpg,,,
562_02.jpg,,,
562_10.jpg,,,
562_11.jpg,,,
562_12.jpg,,,
562_20.jpg,,,
562_21.jpg,,,
562_22.jpg,,,
562_30.jpg,,,
562_31.jpg,,,
562_32.jpg,,,
563_00.jpg,,,
563_01.jpg,,,
563_02.jpg,,,
563_10.jpg,,,
563_11.jpg,,,
563_12.jpg,,,
563_20.jpg,,,
563_21.jpg,,,
563_22.jpg,,,
563_30.jpg,,,
563_31.jpg,,,
563_32.jpg,,,
564_00.jpg,,,
564_01.jpg,,,
564_02.jpg,,,
564_10.jpg,,,
564_11.jpg,,,
564_12.jpg,,,
564_20.jpg,,,
564_21.jpg,,,
564_22.jpg,,,
564_30.jpg,,,
564_31.jpg,,,
564_32.jpg,,,
565_00.jpg,,,
565_01.jpg,,,
565_02.jpg,,,
565_10.jpg,,,
565_11.jpg,,,
565_12.jpg,,,
565_20.jpg,,,
565_21.jpg,,,
565_22.jpg,,,
565_30.jpg,,,
565_31.jpg,,,
565_32.jpg,,,
566_00.jpg,,,
566_01.jpg,,,
566_02.jpg,,,
566_10.jpg,,,
566_11.jpg,,,
566_12.jpg,,,
566_20.jpg,,,
566_21.jpg,,,
566_22.jpg,,,
566_30.jpg,,,
566_31.jpg,,,
566_32.jpg,,,
567_00.jpg,,,
567_01.jpg,,,
567_02.jpg,,,
567_10.jpg,,,
567_11.jpg,,,
567_12.jpg,,,
567_20.jpg,,,
567_21.jpg,,,
567_22.jpg,,,
567_30.jpg,,,
567_31.jpg,,,
567_32.jpg,,,
568_00.jpg,,,
568_01.jpg,,,
568_02.jpg,,,
568_10.jpg,,,
568_11.jpg,,,
568_12.jpg,,,
568_20.jpg,,,
568_21.jpg,,,
568_22.jpg,,,
568_30.jpg,,,
568_31.jpg,,,
568_32.jpg,,,
569_00.jpg,,,
569_01.jpg,,,
569_02.jpg,,,
569_10.jpg,,,
569_11.jpg,,,
569_12.jpg,,,
569_20.jpg,,,
569_21.jpg,,,
569_22.jpg,,,
569_30.jpg,,,
569_31.jpg,,,
569_32.jpg,,,
56_00.jpg,,,
56_01.jpg,,,
56_02.jpg,,,
56_10.jpg,,,
56_11.jpg,,,
56_12.jpg,,,
56_20.jpg,,,
56_21.jpg,,,
56_22.jpg,,,
56_30.jpg,,,
56_31.jpg,,,
56_32.jpg,,,
570_00.jpg,,,
570_01.jpg,,,
570_02.jpg,,,
570_10.jpg,,,
570_11.jpg,,,
570_12.jpg,,,
570_20.jpg,,,
570_21.jpg,,,
570_22.jpg,,,
570_30.jpg,,,
570_31.jpg,,,
570_32.jpg,,,
571_00.jpg,,,
571_01.jpg,,,
571_02.jpg,,,
571_10.jpg,,,
571_11.jpg,,,
571_12.jpg,,,
571_20.jpg,,,
571_21.jpg,,,
571_22.jpg,,,
571_30.jpg,,,
571_31.jpg,,,
571_32.jpg,,,
57_00.jpg,,,
57_01.jpg,,,
57_02.jpg,,,
57_10.jpg,,,
57_11.jpg,,,
57_12.jpg,,,
57_20.jpg,,,
57_21.jpg,,,
57_22.jpg,,,
57_30.jpg,,,
57_31.jpg,,,
57_32.jpg,,,
58_00.jpg,,,
58_01.jpg,,,
58_02.jpg,,,
58_10.jpg,,,
58_11.jpg,,,
58_12.jpg,,,
58_20.jpg,,,
58_21.jpg,,,
58_22.jpg,,,
58_30.jpg,,,
58_31.jpg,,,
58_32.jpg,,,
59_00.jpg,,,
59_01.jpg,,,
59_02.jpg,,,
59_10.jpg,,,
59_11.jpg,,,
59_12.jpg,,,
59_20.jpg,,,
59_21.jpg,,,
59_22.jpg,,,
59_30.jpg,,,
59_31.jpg,,,
59_32.jpg,,,
5_00.jpg,,,
5_01.jpg,,,
5_02.jpg,,,
5_10.jpg,,,
5_11.jpg,,,
5_12.jpg,,,
5_20.jpg,,,
5_21.jpg,,,
5_22.jpg,,,
5_30.jpg,,,
5_31.jpg,,,
5_32.jpg,,,
60_00.jpg,,,
60_01.jpg,,,
60_02.jpg,,,
60_10.jpg,,,
60_11.jpg,,,
60_12.jpg,,,
60_20.jpg,,,
60_21.jpg,,,
60_22.jpg,,,
60_30.jpg,,,
60_31.jpg,,,
60_32.jpg,,,
61_00.jpg,,,
61_01.jpg,,,
61_02.jpg,,,
61_10.jpg,,,
61_11.jpg,,,
61_12.jpg,,,
61_20.jpg,,,
61_21.jpg,,,
61_22.jpg,,,
61_30.jpg,,,
61_31.jpg,,,
61_32.jpg,,,
62_00.jpg,,,
62_01.jpg,,,
62_02.jpg,,,
62_10.jpg,,,
62_11.jpg,,,
62_12.jpg,,,
62_20.jpg,,,
62_21.jpg,,,
62_22.jpg,,,
62_30.jpg,,,
62_31.jpg,,,
62_32.jpg,,,
63_00.jpg,,,
63_01.jpg,,,
63_02.jpg,,,
63_10.jpg,,,
63_11.jpg,,,
63_12.jpg,,,
63_20.jpg,,,
63_21.jpg,,,
63_22.jpg,,,
63_30.jpg,,,
63_31.jpg,,,
63_32.jpg,,,
64_00.jpg,,,
64_01.jpg,,,
64_02.jpg,,,
64_10.jpg,,,
64_11.jpg,,,
64_12.jpg,,,
64_20.jpg,,,
64_21.jpg,,,
64_22.jpg,,,
64_30.jpg,,,
64_31.jpg,,,
64_32.jpg,,,
65_00.jpg,,,
65_01.jpg,,,
65_02.jpg,,,
65_10.jpg,,,
65_11.jpg,,,
65_12.jpg,,,
65_20.jpg,,,
65_21.jpg,,,
65_22.jpg,,,
65_30.jpg,,,
65_31.jpg,,,
65_32.jpg,,,
66_00.jpg,,,
66_01.jpg,,,
66_02.jpg,,,
66_10.jpg,,,
66_11.jpg,,,
66_12.jpg,,,
66_20.jpg,,,
66_21.jpg,,,
66_22.jpg,,,
66_30.jpg,,,
66_31.jpg,,,
66_32.jpg,,,
67_00.jpg,,,
67_01.jpg,,,
67_02.jpg,,,
67_10.jpg,,,
67_11.jpg,,,
67_12.jpg,,,
67_20.jpg,,,
67_21.jpg,,,
67_22.jpg,,,
67_30.jpg,,,
67_31.jpg,,,
67_32.jpg,,,
68_00.jpg,,,
68_01.jpg,,,
68_02.jpg,,,
68_10.jpg,,,
68_11.jpg,,,
68_12.jpg,,,
68_20.jpg,,,
68_21.jpg,,,
68_22.jpg,,,
68_30.jpg,,,
68_31.jpg,,,
68_32.jpg,,,
69_00.jpg,,,
69_01.jpg,,,
69_02.jpg,,,
69_10.jpg,,,
69_11.jpg,,,
69_12.jpg,,,
69_20.jpg,,,
69_21.jpg,,,
69_22.jpg,,,
69_30.jpg,,,
69_31.jpg,,,
69_32.jpg,,,
6_00.jpg,,,
6_01.jpg,,,
6_02.jpg,,,
6_10.jpg,,,
6_11.jpg,,,
6_12.jpg,,,
6_20.jpg,,,
6_21.jpg,,,
6_22.jpg,,,
6_30.jpg,,,
6_31.jpg,,,
6_32.jpg,,,
70_00.jpg,,,
70_01.jpg,,,
70_02.jpg,,,
70_10.jpg,,,
70_11.jpg,,,
70_12.jpg,,,
70_20.jpg,,,
70_21.jpg,,,
70_22.jpg,,,
70_30.jpg,,,
70_31.jpg,,,
70_32.jpg,,,
71_00.jpg,,,
71_01.jpg,,,
71_02.jpg,,,
71_10.jpg,,,
71_11.jpg,,,
71_12.jpg,,,
71_20.jpg,,,
71_21.jpg,,,
71_22.jpg,,,
71_30.jpg,,,
71_31.jpg,,,
71_32.jpg,,,
72_00.jpg,,,
72_01.jpg,,,
72_02.jpg,,,
72_10.jpg,,,
72_11.jpg,,,
72_12.jpg,,,
72_20.jpg,,,
72_21.jpg,,,
72_22.jpg,,,
72_30.jpg,,,
72_31.jpg,,,
72_32.jpg,,,
73_00.jpg,,,
73_01.jpg,,,
73_02.jpg,,,
73_10.jpg,,,
73_11.jpg,,,
73_12.jpg,,,
73_20.jpg,,,
73_21.jpg,,,
73_22.jpg,,,
73_30.jpg,,,
73_31.jpg,,,
73_32.jpg,,,
74_00.jpg,,,
74_01.jpg,,,
74_02.jpg,,,
74_10.jpg,,,
74_11.jpg,,,
74_12.jpg,,,
74_20.jpg,,,
74_21.jpg,,,
74_22.jpg,,,
74_30.jpg,,,
74_31.jpg,,,
74_32.jpg,,,
75_00.jpg,,,
75_01.jpg,,,
75_02.jpg,,,
75_10.jpg,,,
75_11.jpg,,,
75_12.jpg,,,
75_20.jpg,,,
75_21.jpg,,,
75_22.jpg,,,
75_30.jpg,,,
75_31.jpg,,,
75_32.jpg,,,
76_00.jpg,,,
76_01.jpg,,,
76_02.jpg,,,
76_10.jpg,,,
76_11.jpg,,,
76_12.jpg,,,
76_20.jpg,,,
76_21.jpg,,,
76_22.jpg,,,
76_30.jpg,,,
76_31.jpg,,,
76_32.jpg,,,
77_00.jpg,,,
77_01.jpg,,,
77_02.jpg,,,
77_10.jpg,,,
77_11.jpg,,,
77_12.jpg,,,
77_20.jpg,,,
77_21.jpg,,,
77_22.jpg,,,
77_30.jpg,,,
77_31.jpg,,,
77_32.jpg,,,
78_00.jpg,,,
78_01.jpg,,,
78_02.jpg,,,
78_10.jpg,,,
78_11.jpg,,,
78_12.jpg,,,
78_20.jpg,,,
78_21.jpg,,,
78_22.jpg,,,
78_30.jpg,,,
78_31.jpg,,,
78_32.jpg,,,
79_00.jpg,,,
79_01.jpg,,,
79_02.jpg,,,
79_10.jpg,,,
79_11.jpg,,,
79_12.jpg,,,
79_20.jpg,,,
79_21.jpg,,,
79_22.jpg,,,
79_30.jpg,,,
79_31.jpg,,,
79_32.jpg,,,
7_00.jpg,,,
7_01.jpg,,,
7_02.jpg,,,
7_10.jpg,,,
7_11.jpg,,,
7_12.jpg,,,
7_20.jpg,,,
7_21.jpg,,,
7_22.jpg,,,
7_30.jpg,,,
7_31.jpg,,,
7_32.jpg,,,
80_00.jpg,,,
80_01.jpg,,,
80_02.jpg,,,
80_10.jpg,,,
80_11.jpg,,,
80_12.jpg,,,
80_20.jpg,,,
80_21.jpg,,,
80_22.jpg,,,
80_30.jpg,,,
80_31.jpg,,,
80_32.jpg,,,
81_00.jpg,,,
81_01.jpg,,,
81_02.jpg,,,
81_10.jpg,,,
81_11.jpg,,,
81_12.jpg,,,
81_20.jpg,,,
81_21.jpg,,,
81_22.jpg,,,
81_30.jpg,,,
81_31.jpg,,,
81_32.jpg,,,
82_00.jpg,,,
82_01.jpg,,,
82_02.jpg,,,
82_10.jpg,,,
82_11.jpg,,,
82_12.jpg,,,
82_20.jpg,,,
82_21.jpg,,,
82_22.jpg,,,
82_30.jpg,,,
82_31.jpg,,,
82_32.jpg,,,
83_00.jpg,,,
83_01.jpg,,,
83_02.jpg,,,
83_10.jpg,,,
83_11.jpg,,,
83_12.jpg,,,
83_20.jpg,,,
83_21.jpg,,,
83_22.jpg,,,
83_30.jpg,,,
83_31.jpg,,,
83_32.jpg,,,
84_00.jpg,,,
84_01.jpg,,,
84_02.jpg,,,
84_10.jpg,,,
84_11.jpg,,,
84_12.jpg,,,
84_20.jpg,,,
84_21.jpg,,,
84_22.jpg,,,
84_30.jpg,,,
84_31.jpg,,,
84_32.jpg,,,
85_00.jpg,,,
85_01.jpg,,,
85_02.jpg,,,
85_10.jpg,,,
85_11.jpg,,,
85_12.jpg,,,
85_20.jpg,,,
85_21.jpg,,,
85_22.jpg,,,
85_30.jpg,,,
85_31.jpg,,,
85_32.jpg,,,
86_00.jpg,,,
86_01.jpg,,,
86_02.jpg,,,
86_10.jpg,,,
86_11.jpg,,,
86_12.jpg,,,
86_20.jpg,,,
86_21.jpg,,,
86_22.jpg,,,
86_30.jpg,,,
86_31.jpg,,,
86_32.jpg,,,
87_00.jpg,,,
87_01.jpg,,,
87_02.jpg,,,
87_10.jpg,,,
87_11.jpg,,,
87_12.jpg,,,
87_20.jpg,,,
87_21.jpg,,,
87_22.jpg,,,
87_30.jpg,,,
87_31.jpg,,,
87_32.jpg,,,
88_00.jpg,,,
88_01.jpg,,,
88_02.jpg,,,
88_10.jpg,,,
88_11.jpg,,,
88_12.jpg,,,
88_20.jpg,,,
88_21.jpg,,,
88_22.jpg,,,
88_30.jpg,,,
88_31.jpg,,,
88_32.jpg,,,
89_00.jpg,,,
89_01.jpg,,,
89_02.jpg,,,
89_10.jpg,,,
89_11.jpg,,,
89_12.jpg,,,
89_20.jpg,,,
89_21.jpg,,,
89_22.jpg,,,
89_30.jpg,,,
89_31.jpg,,,
89_32.jpg,,,
8_00.jpg,,,
8_01.jpg,,,
8_02.jpg,,,
8_10.jpg,,,
8_11.jpg,,,
8_12.jpg,,,
8_20.jpg,,,
8_21.jpg,,,
8_22.jpg,,,
8_30.jpg,,,
8_31.jpg,,,
8_32.jpg,,,
90_00.jpg,,,
90_01.jpg,,,
90_02.jpg,,,
90_10.jpg,,,
90_11.jpg,,,
90_12.jpg,,,
90_20.jpg,,,
90_21.jpg,,,
90_22.jpg,,,
90_30.jpg,,,
90_31.jpg,,,
90_32.jpg,,,
91_00.jpg,,,
91_01.jpg,,,
91_02.jpg,,,
91_10.jpg,,,
91_11.jpg,,,
91_12.jpg,,,
91_20.jpg,,,
91_21.jpg,,,
91_22.jpg,,,
91_30.jpg,,,
91_31.jpg,,,
91_32.jpg,,,
92_00.jpg,,,
92_01.jpg,,,
92_02.jpg,,,
92_10.jpg,,,
92_11.jpg,,,
92_12.jpg,,,
92_20.jpg,,,
92_21.jpg,,,
92_22.jpg,,,
92_30.jpg,,,
92_31.jpg,,,
92_32.jpg,,,
93_00.jpg,,,
93_01.jpg,,,
93_02.jpg,,,
93_10.jpg,,,
93_11.jpg,,,
93_12.jpg,,,
93_20.jpg,,,
93_21.jpg,,,
93_22.jpg,,,
93_30.jpg,,,
93_31.jpg,,,
93_32.jpg,,,
94_00.jpg,,,
94_01.jpg,,,
94_02.jpg,,,
94_10.jpg,,,
94_11.jpg,,,
94_12.jpg,,,
94_20.jpg,,,
94_21.jpg,,,
94_22.jpg,,,
94_30.jpg,,,
94_31.jpg,,,
94_32.jpg,,,
95_00.jpg,,,
95_01.jpg,,,
95_02.jpg,,,
95_10.jpg,,,
95_11.jpg,,,
95_12.jpg,,,
95_20.jpg,,,
95_21.jpg,,,
95_22.jpg,,,
95_30.jpg,,,
95_31.jpg,,,
95_32.jpg,,,
96_00.jpg,,,
96_01.jpg,,,
96_02.jpg,,,
96_10.jpg,,,
96_11.jpg,,,
96_12.jpg,,,
96_20.jpg,,,
96_21.jpg,,,
96_22.jpg,,,
96_30.jpg,,,
96_31.jpg,,,
96_32.jpg,,,
97_00.jpg,,,
97_01.jpg,,,
97_02.jpg,,,
97_10.jpg,,,
97_11.jpg,,,
97_12.jpg,,,
97_20.jpg,,,
97_21.jpg,,,
97_22.jpg,,,
97_30.jpg,,,
97_31.jpg,,,
97_32.jpg,,,
98_00.jpg,,,
98_01.jpg,,,
98_02.jpg,,,
98_10.jpg,,,
98_11.jpg,,,
98_12.jpg,,,
98_20.jpg,,,
98_21.jpg,,,
98_22.jpg,,,
98_30.jpg,,,
98_31.jpg,,,
98_32.jpg,,,
99_00.jpg,,,
99_01.jpg,,,
99_02.jpg,,,
99_10.jpg,,,
99_11.jpg,,,
99_12.jpg,,,
99_20.jpg,,,
99_21.jpg,,,
99_22.jpg,,,
99_30.jpg,,,
99_31.jpg,,,
99_32.jpg,,,
9_00.jpg,,,
9_01.jpg,,,
9_02.jpg,,,
9_10.jpg,,,
9_11.jpg,,,
9_12.jpg,,,
9_20.jpg,,,
9_21.jpg,,,
9_22.jpg,,,
9_30.jpg,,,
9_31.jpg,,,
9_32.jpg,,,
